seed,arm,episodes_attempted,valid_t0_count,valid_force_count,force_success_count,force_success_rate,policy_pass_count,policy_shot_count,policy_tackle_count,goal_count,possession_t1,possession_t5,possession_t20,mean_force_reward,mean_post_force_reward,mean_delta_ball_x,timesteps,checkpoint_sha256
123,ONBALL-Pass,1,1,1,0,0.0,0,0,0,0,,,,-0.005,-0.0056,,50176,629a928805cec6169a84d931f25c1f997912006fa9ccd33ef56efcfc56966896
123,ONBALL-Pass,1,1,1,0,0.0,0,0,0,0,,,,-0.005,-0.0054,,50176,629a928805cec6169a84d931f25c1f997912006fa9ccd33ef56efcfc56966896
123,ONBALL-Pass,1,1,1,0,0.0,0,0,0,0,,,,-0.005,-0.0054,,50176,629a928805cec6169a84d931f25c1f997912006fa9ccd33ef56efcfc56966896
123,ONBALL-Pass,1,1,1,0,0.0,0,0,0,0,,,,-0.005,-0.0055,,50176,629a928805cec6169a84d931f25c1f997912006fa9ccd33ef56efcfc56966896
123,ONBALL-Pass,1,1,1,0,0.0,0,0,0,0,left_1,left_1,left_1,0.015606601717798211,-0.013,,50176,629a928805cec6169a84d931f25c1f997912006fa9ccd33ef56efcfc56966896
123,ONBALL-Pass,1,1,1,0,0.0,0,0,0,0,,,,-0.005,-0.0052,,50176,629a928805cec6169a84d931f25c1f997912006fa9ccd33ef56efcfc56966896
123,ONBALL-Pass,1,1,1,0,0.0,0,0,0,0,,,,-0.005,-0.0053,,50176,629a928805cec6169a84d931f25c1f997912006fa9ccd33ef56efcfc56966896
123,ONBALL-Pass,1,1,1,0,0.0,0,0,0,0,,,,-0.005,-0.0054,,50176,629a928805cec6169a84d931f25c1f997912006fa9ccd33ef56efcfc56966896
123,ONBALL-Pass,1,1,1,0,0.0,0,0,0,0,,,,-0.005,-0.0055,,50176,629a928805cec6169a84d931f25c1f997912006fa9ccd33ef56efcfc56966896
123,ONBALL-Pass,1,1,1,0,0.0,0,0,0,0,,,,-0.005,-0.0053,,50176,629a928805cec6169a84d931f25c1f997912006fa9ccd33ef56efcfc56966896
123,ONBALL-Pass,1,1,1,0,0.0,0,0,0,0,,,,-0.005,-0.0054,,50176,629a928805cec6169a84d931f25c1f997912006fa9ccd33ef56efcfc56966896
123,ONBALL-Pass,1,1,1,0,0.0,0,0,0,0,left_1,left_1,left_1,0.015606601717798211,-0.0129,,50176,629a928805cec6169a84d931f25c1f997912006fa9ccd33ef56efcfc56966896
123,ONBALL-Pass,1,1,1,0,0.0,0,0,0,0,,,,-0.005,-0.0053,,50176,629a928805cec6169a84d931f25c1f997912006fa9ccd33ef56efcfc56966896
123,ONBALL-Pass,1,1,1,0,0.0,0,0,0,0,,,,-0.005,-0.0053,,50176,629a928805cec6169a84d931f25c1f997912006fa9ccd33ef56efcfc56966896
123,ONBALL-Pass,1,1,1,0,0.0,0,0,0,0,,,,-0.005,-0.0054,,50176,629a928805cec6169a84d931f25c1f997912006fa9ccd33ef56efcfc56966896
123,ONBALL-Pass,1,1,1,0,0.0,0,0,0,0,,,,-0.005,-0.0054,,50176,629a928805cec6169a84d931f25c1f997912006fa9ccd33ef56efcfc56966896
123,ONBALL-Pass,1,1,1,0,0.0,0,0,0,0,,,,-0.005,-0.0051,,50176,629a928805cec6169a84d931f25c1f997912006fa9ccd33ef56efcfc56966896
123,ONBALL-Pass,1,1,1,0,0.0,0,0,0,0,left_1,left_1,left_1,0.015,-0.0132,,50176,629a928805cec6169a84d931f25c1f997912006fa9ccd33ef56efcfc56966896
123,ONBALL-Pass,1,1,1,0,0.0,0,0,0,0,,,,-0.005,-0.0054,,50176,629a928805cec6169a84d931f25c1f997912006fa9ccd33ef56efcfc56966896
123,ONBALL-Pass,1,1,1,0,0.0,0,0,0,0,left_1,left_1,left_1,0.012276068751089986,-0.0136,,50176,629a928805cec6169a84d931f25c1f997912006fa9ccd33ef56efcfc56966896
42,ONBALL-Pass,1,1,1,0,0.0,0,0,0,0,,,,-0.005,-0.0054,,50176,ca8bef84972a47757a61b006d7da10d935f4abe71feed0656151593848eeeaf2
42,ONBALL-Pass,1,1,1,0,0.0,0,0,0,0,,,,-0.005,-0.0053,,50176,ca8bef84972a47757a61b006d7da10d935f4abe71feed0656151593848eeeaf2
42,ONBALL-Pass,1,1,1,0,0.0,0,0,0,0,,,,-0.005,-0.0052,,50176,ca8bef84972a47757a61b006d7da10d935f4abe71feed0656151593848eeeaf2
42,ONBALL-Pass,1,1,1,0,0.0,0,0,0,0,,,,-0.005,-0.0055,,50176,ca8bef84972a47757a61b006d7da10d935f4abe71feed0656151593848eeeaf2
42,ONBALL-Pass,1,1,1,0,0.0,0,0,0,0,left_1,left_1,left_1,0.015606601717798211,0.0028,,50176,ca8bef84972a47757a61b006d7da10d935f4abe71feed0656151593848eeeaf2
42,ONBALL-Pass,1,1,1,0,0.0,0,0,0,0,,,,-0.005,-0.005,,50176,ca8bef84972a47757a61b006d7da10d935f4abe71feed0656151593848eeeaf2
42,ONBALL-Pass,1,1,1,0,0.0,0,0,0,0,,,,-0.005,-0.0052,,50176,ca8bef84972a47757a61b006d7da10d935f4abe71feed0656151593848eeeaf2
42,ONBALL-Pass,1,1,1,0,0.0,0,0,0,0,,,,-0.005,-0.0053,,50176,ca8bef84972a47757a61b006d7da10d935f4abe71feed0656151593848eeeaf2
42,ONBALL-Pass,1,1,1,0,0.0,0,0,0,0,,,,-0.005,-0.0054,,50176,ca8bef84972a47757a61b006d7da10d935f4abe71feed0656151593848eeeaf2
42,ONBALL-Pass,1,1,1,0,0.0,0,0,0,0,,,,-0.005,-0.0053,,50176,ca8bef84972a47757a61b006d7da10d935f4abe71feed0656151593848eeeaf2
42,ONBALL-Pass,1,1,1,0,0.0,0,0,0,0,,,,-0.005,-0.0052,,50176,ca8bef84972a47757a61b006d7da10d935f4abe71feed0656151593848eeeaf2
42,ONBALL-Pass,1,1,1,0,0.0,0,0,2,0,left_1,left_1,left_1,0.016338934190276815,-0.0102,,50176,ca8bef84972a47757a61b006d7da10d935f4abe71feed0656151593848eeeaf2
42,ONBALL-Pass,1,1,1,0,0.0,0,0,0,0,,,,-0.005,-0.0054,,50176,ca8bef84972a47757a61b006d7da10d935f4abe71feed0656151593848eeeaf2
42,ONBALL-Pass,1,1,1,0,0.0,0,0,0,0,,,,-0.005,-0.0053,,50176,ca8bef84972a47757a61b006d7da10d935f4abe71feed0656151593848eeeaf2
42,ONBALL-Pass,1,1,1,0,0.0,0,0,0,0,,,,-0.005,-0.0054,,50176,ca8bef84972a47757a61b006d7da10d935f4abe71feed0656151593848eeeaf2
42,ONBALL-Pass,1,1,1,0,0.0,0,0,0,0,,,,-0.005,-0.0055,,50176,ca8bef84972a47757a61b006d7da10d935f4abe71feed0656151593848eeeaf2
42,ONBALL-Pass,1,1,1,0,0.0,0,0,0,0,,,,-0.005,-0.0053,,50176,ca8bef84972a47757a61b006d7da10d935f4abe71feed0656151593848eeeaf2
42,ONBALL-Pass,1,1,1,0,0.0,0,0,2,0,left_1,left_1,left_1,0.015606601717798211,-0.014,,50176,ca8bef84972a47757a61b006d7da10d935f4abe71feed0656151593848eeeaf2
42,ONBALL-Pass,1,1,1,0,0.0,0,0,0,0,,,,-0.005,-0.0054,,50176,ca8bef84972a47757a61b006d7da10d935f4abe71feed0656151593848eeeaf2
42,ONBALL-Pass,1,1,1,0,0.0,0,0,0,0,left_1,left_1,left_1,0.015,-0.0163,,50176,ca8bef84972a47757a61b006d7da10d935f4abe71feed0656151593848eeeaf2
7,ONBALL-Pass,1,1,1,0,0.0,0,0,0,0,,,,-0.005,-0.0055,,50176,38b32f4cbd902ba7659d2e36bcf4d7582ed84613ad409e9843dadfd6d23fbad6
7,ONBALL-Pass,1,1,1,0,0.0,0,0,0,0,,,,-0.005,-0.0053,,50176,38b32f4cbd902ba7659d2e36bcf4d7582ed84613ad409e9843dadfd6d23fbad6
7,ONBALL-Pass,1,1,1,0,0.0,0,0,0,0,,,,-0.005,-0.0053,,50176,38b32f4cbd902ba7659d2e36bcf4d7582ed84613ad409e9843dadfd6d23fbad6
7,ONBALL-Pass,1,1,1,0,0.0,0,0,0,0,,,,-0.005,-0.0055,,50176,38b32f4cbd902ba7659d2e36bcf4d7582ed84613ad409e9843dadfd6d23fbad6
7,ONBALL-Pass,1,1,1,0,0.0,0,0,14,0,left_1,left_1,left_1,0.015606601717798211,0.0046,,50176,38b32f4cbd902ba7659d2e36bcf4d7582ed84613ad409e9843dadfd6d23fbad6
7,ONBALL-Pass,1,1,1,0,0.0,0,0,0,0,,,,-0.005,-0.0053,,50176,38b32f4cbd902ba7659d2e36bcf4d7582ed84613ad409e9843dadfd6d23fbad6
7,ONBALL-Pass,1,1,1,0,0.0,0,0,0,0,,,,-0.005,-0.0055,,50176,38b32f4cbd902ba7659d2e36bcf4d7582ed84613ad409e9843dadfd6d23fbad6
7,ONBALL-Pass,1,1,1,0,0.0,0,0,0,0,,,,-0.005,-0.0054,,50176,38b32f4cbd902ba7659d2e36bcf4d7582ed84613ad409e9843dadfd6d23fbad6
7,ONBALL-Pass,1,1,1,0,0.0,0,0,0,0,,,,-0.005,-0.0053,,50176,38b32f4cbd902ba7659d2e36bcf4d7582ed84613ad409e9843dadfd6d23fbad6
7,ONBALL-Pass,1,1,1,0,0.0,0,0,0,0,,,,-0.005,-0.0053,,50176,38b32f4cbd902ba7659d2e36bcf4d7582ed84613ad409e9843dadfd6d23fbad6
7,ONBALL-Pass,1,1,1,0,0.0,0,0,0,0,,,,-0.005,-0.0054,,50176,38b32f4cbd902ba7659d2e36bcf4d7582ed84613ad409e9843dadfd6d23fbad6
7,ONBALL-Pass,1,1,1,0,0.0,0,0,10,0,left_1,left_1,left_1,0.016338934190276815,-0.0013,,50176,38b32f4cbd902ba7659d2e36bcf4d7582ed84613ad409e9843dadfd6d23fbad6
7,ONBALL-Pass,1,1,1,0,0.0,0,0,0,0,,,,-0.005,-0.0051,,50176,38b32f4cbd902ba7659d2e36bcf4d7582ed84613ad409e9843dadfd6d23fbad6
7,ONBALL-Pass,1,1,1,0,0.0,0,0,0,0,,,,-0.005,-0.0055,,50176,38b32f4cbd902ba7659d2e36bcf4d7582ed84613ad409e9843dadfd6d23fbad6
7,ONBALL-Pass,1,1,1,0,0.0,0,0,0,0,,,,-0.005,-0.0053,,50176,38b32f4cbd902ba7659d2e36bcf4d7582ed84613ad409e9843dadfd6d23fbad6
7,ONBALL-Pass,1,1,1,0,0.0,0,0,0,0,,,,-0.005,-0.0054,,50176,38b32f4cbd902ba7659d2e36bcf4d7582ed84613ad409e9843dadfd6d23fbad6
7,ONBALL-Pass,1,1,1,0,0.0,0,0,0,0,,,,-0.005,-0.0051,,50176,38b32f4cbd902ba7659d2e36bcf4d7582ed84613ad409e9843dadfd6d23fbad6
7,ONBALL-Pass,1,1,1,0,0.0,0,0,11,0,left_1,left_1,left_1,0.015606601717798211,-0.0033,,50176,38b32f4cbd902ba7659d2e36bcf4d7582ed84613ad409e9843dadfd6d23fbad6
7,ONBALL-Pass,1,1,1,0,0.0,0,0,0,0,,,,-0.005,-0.0054,,50176,38b32f4cbd902ba7659d2e36bcf4d7582ed84613ad409e9843dadfd6d23fbad6
7,ONBALL-Pass,1,1,1,0,0.0,0,0,14,0,left_1,left_1,left_1,0.014486832980505137,-0.0039,,50176,38b32f4cbd902ba7659d2e36bcf4d7582ed84613ad409e9843dadfd6d23fbad6
999,ONBALL-Pass,1,1,1,0,0.0,0,0,0,0,,,,-0.005,-0.0054,,50176,a1c5eacf57438573abb1fa5d3bc08e2dcb1727b39fb3ff969d4f7ed15c597365
999,ONBALL-Pass,1,1,1,0,0.0,0,0,0,0,,,,-0.005,-0.0053,,50176,a1c5eacf57438573abb1fa5d3bc08e2dcb1727b39fb3ff969d4f7ed15c597365
999,ONBALL-Pass,1,1,1,0,0.0,0,0,0,0,,,,-0.005,-0.0052,,50176,a1c5eacf57438573abb1fa5d3bc08e2dcb1727b39fb3ff969d4f7ed15c597365
999,ONBALL-Pass,1,1,1,0,0.0,0,0,0,0,,,,-0.005,-0.0055,,50176,a1c5eacf57438573abb1fa5d3bc08e2dcb1727b39fb3ff969d4f7ed15c597365
999,ONBALL-Pass,1,1,1,0,0.0,0,0,0,0,left_1,left_1,left_1,0.015606601717798211,0.005,,50176,a1c5eacf57438573abb1fa5d3bc08e2dcb1727b39fb3ff969d4f7ed15c597365
999,ONBALL-Pass,1,1,1,0,0.0,0,0,0,0,,,,-0.005,-0.005,,50176,a1c5eacf57438573abb1fa5d3bc08e2dcb1727b39fb3ff969d4f7ed15c597365
999,ONBALL-Pass,1,1,1,0,0.0,0,0,0,0,,,,-0.005,-0.0052,,50176,a1c5eacf57438573abb1fa5d3bc08e2dcb1727b39fb3ff969d4f7ed15c597365
999,ONBALL-Pass,1,1,1,0,0.0,0,0,0,0,,,,-0.005,-0.0053,,50176,a1c5eacf57438573abb1fa5d3bc08e2dcb1727b39fb3ff969d4f7ed15c597365
999,ONBALL-Pass,1,1,1,0,0.0,0,0,0,0,,,,-0.005,-0.0054,,50176,a1c5eacf57438573abb1fa5d3bc08e2dcb1727b39fb3ff969d4f7ed15c597365
999,ONBALL-Pass,1,1,1,0,0.0,0,0,0,0,,,,-0.005,-0.0053,,50176,a1c5eacf57438573abb1fa5d3bc08e2dcb1727b39fb3ff969d4f7ed15c597365
999,ONBALL-Pass,1,1,1,0,0.0,0,0,0,0,,,,-0.005,-0.0052,,50176,a1c5eacf57438573abb1fa5d3bc08e2dcb1727b39fb3ff969d4f7ed15c597365
999,ONBALL-Pass,1,1,1,0,0.0,0,0,0,0,left_1,left_1,left_1,0.016338934190276815,-0.0016,,50176,a1c5eacf57438573abb1fa5d3bc08e2dcb1727b39fb3ff969d4f7ed15c597365
999,ONBALL-Pass,1,1,1,0,0.0,0,0,0,0,,,,-0.005,-0.0054,,50176,a1c5eacf57438573abb1fa5d3bc08e2dcb1727b39fb3ff969d4f7ed15c597365
999,ONBALL-Pass,1,1,1,0,0.0,0,0,0,0,,,,-0.005,-0.0055,,50176,a1c5eacf57438573abb1fa5d3bc08e2dcb1727b39fb3ff969d4f7ed15c597365
999,ONBALL-Pass,1,1,1,0,0.0,0,0,0,0,,,,-0.005,-0.0054,,50176,a1c5eacf57438573abb1fa5d3bc08e2dcb1727b39fb3ff969d4f7ed15c597365
999,ONBALL-Pass,1,1,1,0,0.0,0,0,0,0,,,,-0.005,-0.0055,,50176,a1c5eacf57438573abb1fa5d3bc08e2dcb1727b39fb3ff969d4f7ed15c597365
999,ONBALL-Pass,1,1,1,0,0.0,0,0,0,0,,,,-0.005,-0.0053,,50176,a1c5eacf57438573abb1fa5d3bc08e2dcb1727b39fb3ff969d4f7ed15c597365
999,ONBALL-Pass,1,1,1,0,0.0,0,0,0,0,left_1,left_1,left_1,0.015606601717798211,-0.0042,,50176,a1c5eacf57438573abb1fa5d3bc08e2dcb1727b39fb3ff969d4f7ed15c597365
999,ONBALL-Pass,1,1,1,0,0.0,0,0,0,0,,,,-0.005,-0.0054,,50176,a1c5eacf57438573abb1fa5d3bc08e2dcb1727b39fb3ff969d4f7ed15c597365
999,ONBALL-Pass,1,1,1,0,0.0,0,0,0,0,left_1,left_1,left_1,0.015,-0.0049,,50176,a1c5eacf57438573abb1fa5d3bc08e2dcb1727b39fb3ff969d4f7ed15c597365
123,ONBALL-Shot,1,1,1,1,1.0,0,0,0,0,,,,0.145,0.0195,,50176,629a928805cec6169a84d931f25c1f997912006fa9ccd33ef56efcfc56966896
123,ONBALL-Shot,1,1,1,1,1.0,0,0,0,0,,,,0.145,0.0161,,50176,629a928805cec6169a84d931f25c1f997912006fa9ccd33ef56efcfc56966896
123,ONBALL-Shot,1,1,1,1,1.0,0,0,0,0,,,,0.145,-0.0022,,50176,629a928805cec6169a84d931f25c1f997912006fa9ccd33ef56efcfc56966896
123,ONBALL-Shot,1,1,1,0,0.0,0,0,0,0,,,,-0.005,-0.0135,,50176,629a928805cec6169a84d931f25c1f997912006fa9ccd33ef56efcfc56966896
123,ONBALL-Shot,1,1,1,0,0.0,0,0,0,0,,,,-0.005,-0.0165,,50176,629a928805cec6169a84d931f25c1f997912006fa9ccd33ef56efcfc56966896
123,ONBALL-Shot,1,1,1,1,1.0,0,0,0,0,,,,0.145,0.0163,,50176,629a928805cec6169a84d931f25c1f997912006fa9ccd33ef56efcfc56966896
123,ONBALL-Shot,1,1,1,1,1.0,0,0,0,0,,,,0.145,-0.0014,,50176,629a928805cec6169a84d931f25c1f997912006fa9ccd33ef56efcfc56966896
123,ONBALL-Shot,1,1,1,1,1.0,0,0,0,0,,,,0.145,0.016,,50176,629a928805cec6169a84d931f25c1f997912006fa9ccd33ef56efcfc56966896
123,ONBALL-Shot,1,1,1,0,0.0,0,0,0,0,,,,-0.005,-0.0052,,50176,629a928805cec6169a84d931f25c1f997912006fa9ccd33ef56efcfc56966896
123,ONBALL-Shot,1,1,1,0,0.0,0,0,0,0,,,,-0.005,-0.0051,,50176,629a928805cec6169a84d931f25c1f997912006fa9ccd33ef56efcfc56966896
123,ONBALL-Shot,1,1,1,1,1.0,0,0,0,0,,,,0.145,-0.0014,,50176,629a928805cec6169a84d931f25c1f997912006fa9ccd33ef56efcfc56966896
123,ONBALL-Shot,1,1,1,0,0.0,1,0,0,0,,,,-0.005,-0.0144,,50176,629a928805cec6169a84d931f25c1f997912006fa9ccd33ef56efcfc56966896
123,ONBALL-Shot,1,1,1,1,1.0,0,0,0,1,,,,0.145,0.1143,,50176,629a928805cec6169a84d931f25c1f997912006fa9ccd33ef56efcfc56966896
123,ONBALL-Shot,1,1,1,1,1.0,0,0,0,0,,,,0.145,-0.0009,,50176,629a928805cec6169a84d931f25c1f997912006fa9ccd33ef56efcfc56966896
123,ONBALL-Shot,1,1,1,1,1.0,0,0,0,0,,,,0.145,0.0196,,50176,629a928805cec6169a84d931f25c1f997912006fa9ccd33ef56efcfc56966896
123,ONBALL-Shot,1,1,1,0,0.0,0,0,0,0,,,,-0.005,-0.0052,,50176,629a928805cec6169a84d931f25c1f997912006fa9ccd33ef56efcfc56966896
123,ONBALL-Shot,1,1,1,1,1.0,0,0,0,0,,,,0.145,-0.0006,,50176,629a928805cec6169a84d931f25c1f997912006fa9ccd33ef56efcfc56966896
123,ONBALL-Shot,1,1,1,0,0.0,0,0,0,0,,,,-0.005,-0.0052,,50176,629a928805cec6169a84d931f25c1f997912006fa9ccd33ef56efcfc56966896
123,ONBALL-Shot,1,1,1,0,0.0,0,0,0,0,,,,-0.005,-0.0052,,50176,629a928805cec6169a84d931f25c1f997912006fa9ccd33ef56efcfc56966896
123,ONBALL-Shot,1,1,1,0,0.0,0,1,0,0,,,,-0.005,-0.0156,,50176,629a928805cec6169a84d931f25c1f997912006fa9ccd33ef56efcfc56966896
42,ONBALL-Shot,1,1,1,1,1.0,0,0,0,0,,,,0.145,0.0196,,50176,ca8bef84972a47757a61b006d7da10d935f4abe71feed0656151593848eeeaf2
42,ONBALL-Shot,1,1,1,1,1.0,0,0,0,0,,,,0.145,0.0161,,50176,ca8bef84972a47757a61b006d7da10d935f4abe71feed0656151593848eeeaf2
42,ONBALL-Shot,1,1,1,1,1.0,0,0,3,0,,,,0.145,-0.0022,,50176,ca8bef84972a47757a61b006d7da10d935f4abe71feed0656151593848eeeaf2
42,ONBALL-Shot,1,1,1,0,0.0,0,0,0,0,,,,-0.005,-0.0052,,50176,ca8bef84972a47757a61b006d7da10d935f4abe71feed0656151593848eeeaf2
42,ONBALL-Shot,1,1,1,0,0.0,0,0,0,0,,,,-0.005,0.0021,,50176,ca8bef84972a47757a61b006d7da10d935f4abe71feed0656151593848eeeaf2
42,ONBALL-Shot,1,1,1,1,1.0,0,0,0,0,,,,0.145,0.0164,,50176,ca8bef84972a47757a61b006d7da10d935f4abe71feed0656151593848eeeaf2
42,ONBALL-Shot,1,1,1,1,1.0,0,0,0,0,,,,0.145,-0.0014,,50176,ca8bef84972a47757a61b006d7da10d935f4abe71feed0656151593848eeeaf2
42,ONBALL-Shot,1,1,1,1,1.0,0,0,0,0,,,,0.145,0.0161,,50176,ca8bef84972a47757a61b006d7da10d935f4abe71feed0656151593848eeeaf2
42,ONBALL-Shot,1,1,1,0,0.0,0,0,0,0,,,,-0.005,-0.0052,,50176,ca8bef84972a47757a61b006d7da10d935f4abe71feed0656151593848eeeaf2
42,ONBALL-Shot,1,1,1,0,0.0,0,0,0,0,,,,-0.005,-0.0051,,50176,ca8bef84972a47757a61b006d7da10d935f4abe71feed0656151593848eeeaf2
42,ONBALL-Shot,1,1,1,1,1.0,0,0,0,0,,,,0.145,-0.0014,,50176,ca8bef84972a47757a61b006d7da10d935f4abe71feed0656151593848eeeaf2
42,ONBALL-Shot,1,1,1,0,0.0,0,0,0,0,,,,-0.005,-0.0038,,50176,ca8bef84972a47757a61b006d7da10d935f4abe71feed0656151593848eeeaf2
42,ONBALL-Shot,1,1,1,1,1.0,0,0,0,1,,,,0.145,0.1142,,50176,ca8bef84972a47757a61b006d7da10d935f4abe71feed0656151593848eeeaf2
42,ONBALL-Shot,1,1,1,1,1.0,0,0,0,0,,,,0.145,-0.0008,,50176,ca8bef84972a47757a61b006d7da10d935f4abe71feed0656151593848eeeaf2
42,ONBALL-Shot,1,1,1,1,1.0,0,0,0,0,,,,0.145,0.0196,,50176,ca8bef84972a47757a61b006d7da10d935f4abe71feed0656151593848eeeaf2
42,ONBALL-Shot,1,1,1,0,0.0,0,0,0,0,,,,-0.005,-0.0053,,50176,ca8bef84972a47757a61b006d7da10d935f4abe71feed0656151593848eeeaf2
42,ONBALL-Shot,1,1,1,1,1.0,0,0,0,0,,,,0.145,-0.0006,,50176,ca8bef84972a47757a61b006d7da10d935f4abe71feed0656151593848eeeaf2
42,ONBALL-Shot,1,1,1,0,0.0,0,0,0,0,,,,-0.005,-0.0051,,50176,ca8bef84972a47757a61b006d7da10d935f4abe71feed0656151593848eeeaf2
42,ONBALL-Shot,1,1,1,0,0.0,0,0,0,0,,,,-0.005,-0.0052,,50176,ca8bef84972a47757a61b006d7da10d935f4abe71feed0656151593848eeeaf2
42,ONBALL-Shot,1,1,1,0,0.0,0,0,0,0,,,,-0.005,-0.0152,,50176,ca8bef84972a47757a61b006d7da10d935f4abe71feed0656151593848eeeaf2
7,ONBALL-Shot,1,1,1,1,1.0,0,0,0,0,,,,0.145,0.0196,,50176,38b32f4cbd902ba7659d2e36bcf4d7582ed84613ad409e9843dadfd6d23fbad6
7,ONBALL-Shot,1,1,1,1,1.0,0,0,0,0,,,,0.145,0.0161,,50176,38b32f4cbd902ba7659d2e36bcf4d7582ed84613ad409e9843dadfd6d23fbad6
7,ONBALL-Shot,1,1,1,1,1.0,0,0,0,0,,,,0.145,-0.0021,,50176,38b32f4cbd902ba7659d2e36bcf4d7582ed84613ad409e9843dadfd6d23fbad6
7,ONBALL-Shot,1,1,1,0,0.0,0,0,14,0,,,,-0.005,0.005,,50176,38b32f4cbd902ba7659d2e36bcf4d7582ed84613ad409e9843dadfd6d23fbad6
7,ONBALL-Shot,1,1,1,0,0.0,0,0,14,0,,,,-0.005,-0.0012,,50176,38b32f4cbd902ba7659d2e36bcf4d7582ed84613ad409e9843dadfd6d23fbad6
7,ONBALL-Shot,1,1,1,1,1.0,0,0,0,0,,,,0.145,0.0162,,50176,38b32f4cbd902ba7659d2e36bcf4d7582ed84613ad409e9843dadfd6d23fbad6
7,ONBALL-Shot,1,1,1,1,1.0,0,0,0,0,,,,0.145,-0.0013,,50176,38b32f4cbd902ba7659d2e36bcf4d7582ed84613ad409e9843dadfd6d23fbad6
7,ONBALL-Shot,1,1,1,1,1.0,0,0,0,0,,,,0.145,0.016,,50176,38b32f4cbd902ba7659d2e36bcf4d7582ed84613ad409e9843dadfd6d23fbad6
7,ONBALL-Shot,1,1,1,0,0.0,0,0,0,0,,,,-0.005,-0.0053,,50176,38b32f4cbd902ba7659d2e36bcf4d7582ed84613ad409e9843dadfd6d23fbad6
7,ONBALL-Shot,1,1,1,0,0.0,0,0,0,0,,,,-0.005,-0.0052,,50176,38b32f4cbd902ba7659d2e36bcf4d7582ed84613ad409e9843dadfd6d23fbad6
7,ONBALL-Shot,1,1,1,1,1.0,0,0,0,0,,,,0.145,-0.0014,,50176,38b32f4cbd902ba7659d2e36bcf4d7582ed84613ad409e9843dadfd6d23fbad6
7,ONBALL-Shot,1,1,1,0,0.0,0,0,4,0,,,,-0.005,-0.0096,,50176,38b32f4cbd902ba7659d2e36bcf4d7582ed84613ad409e9843dadfd6d23fbad6
7,ONBALL-Shot,1,1,1,1,1.0,0,0,0,1,,,,0.145,0.1141,,50176,38b32f4cbd902ba7659d2e36bcf4d7582ed84613ad409e9843dadfd6d23fbad6
7,ONBALL-Shot,1,1,1,1,1.0,0,0,0,0,,,,0.145,-0.001,,50176,38b32f4cbd902ba7659d2e36bcf4d7582ed84613ad409e9843dadfd6d23fbad6
7,ONBALL-Shot,1,1,1,1,1.0,0,0,0,0,,,,0.145,0.0197,,50176,38b32f4cbd902ba7659d2e36bcf4d7582ed84613ad409e9843dadfd6d23fbad6
7,ONBALL-Shot,1,1,1,0,0.0,0,0,0,0,,,,-0.005,-0.0053,,50176,38b32f4cbd902ba7659d2e36bcf4d7582ed84613ad409e9843dadfd6d23fbad6
7,ONBALL-Shot,1,1,1,1,1.0,0,0,0,0,,,,0.145,-0.0007,,50176,38b32f4cbd902ba7659d2e36bcf4d7582ed84613ad409e9843dadfd6d23fbad6
7,ONBALL-Shot,1,1,1,0,0.0,0,0,0,0,,,,-0.005,-0.0053,,50176,38b32f4cbd902ba7659d2e36bcf4d7582ed84613ad409e9843dadfd6d23fbad6
7,ONBALL-Shot,1,1,1,0,0.0,0,0,0,0,,,,-0.005,-0.0053,,50176,38b32f4cbd902ba7659d2e36bcf4d7582ed84613ad409e9843dadfd6d23fbad6
7,ONBALL-Shot,1,1,1,0,0.0,0,0,14,0,,,,-0.005,-0.0041,,50176,38b32f4cbd902ba7659d2e36bcf4d7582ed84613ad409e9843dadfd6d23fbad6
999,ONBALL-Shot,1,1,1,1,1.0,0,0,0,0,,,,0.145,0.0196,,50176,a1c5eacf57438573abb1fa5d3bc08e2dcb1727b39fb3ff969d4f7ed15c597365
999,ONBALL-Shot,1,1,1,1,1.0,0,0,0,0,,,,0.145,0.0161,,50176,a1c5eacf57438573abb1fa5d3bc08e2dcb1727b39fb3ff969d4f7ed15c597365
999,ONBALL-Shot,1,1,1,1,1.0,0,0,0,0,,,,0.145,-0.0024,,50176,a1c5eacf57438573abb1fa5d3bc08e2dcb1727b39fb3ff969d4f7ed15c597365
999,ONBALL-Shot,1,1,1,0,0.0,0,0,0,0,,,,-0.005,-0.0052,,50176,a1c5eacf57438573abb1fa5d3bc08e2dcb1727b39fb3ff969d4f7ed15c597365
999,ONBALL-Shot,1,1,1,0,0.0,0,0,0,0,,,,-0.005,0.0051,,50176,a1c5eacf57438573abb1fa5d3bc08e2dcb1727b39fb3ff969d4f7ed15c597365
999,ONBALL-Shot,1,1,1,1,1.0,0,0,0,0,,,,0.145,0.0165,,50176,a1c5eacf57438573abb1fa5d3bc08e2dcb1727b39fb3ff969d4f7ed15c597365
999,ONBALL-Shot,1,1,1,1,1.0,0,0,0,0,,,,0.145,-0.0015,,50176,a1c5eacf57438573abb1fa5d3bc08e2dcb1727b39fb3ff969d4f7ed15c597365
999,ONBALL-Shot,1,1,1,1,1.0,0,0,0,0,,,,0.145,0.0161,,50176,a1c5eacf57438573abb1fa5d3bc08e2dcb1727b39fb3ff969d4f7ed15c597365
999,ONBALL-Shot,1,1,1,0,0.0,0,0,0,0,,,,-0.005,-0.0052,,50176,a1c5eacf57438573abb1fa5d3bc08e2dcb1727b39fb3ff969d4f7ed15c597365
999,ONBALL-Shot,1,1,1,0,0.0,0,0,0,0,,,,-0.005,-0.0051,,50176,a1c5eacf57438573abb1fa5d3bc08e2dcb1727b39fb3ff969d4f7ed15c597365
999,ONBALL-Shot,1,1,1,1,1.0,0,0,0,0,,,,0.145,-0.0015,,50176,a1c5eacf57438573abb1fa5d3bc08e2dcb1727b39fb3ff969d4f7ed15c597365
999,ONBALL-Shot,1,1,1,0,0.0,0,0,0,0,,,,-0.005,-0.0017,,50176,a1c5eacf57438573abb1fa5d3bc08e2dcb1727b39fb3ff969d4f7ed15c597365
999,ONBALL-Shot,1,1,1,1,1.0,0,0,0,1,,,,0.145,0.1141,,50176,a1c5eacf57438573abb1fa5d3bc08e2dcb1727b39fb3ff969d4f7ed15c597365
999,ONBALL-Shot,1,1,1,1,1.0,0,0,0,0,,,,0.145,-0.001,,50176,a1c5eacf57438573abb1fa5d3bc08e2dcb1727b39fb3ff969d4f7ed15c597365
999,ONBALL-Shot,1,1,1,1,1.0,0,0,0,0,,,,0.145,0.0196,,50176,a1c5eacf57438573abb1fa5d3bc08e2dcb1727b39fb3ff969d4f7ed15c597365
999,ONBALL-Shot,1,1,1,0,0.0,0,0,0,0,,,,-0.005,-0.0053,,50176,a1c5eacf57438573abb1fa5d3bc08e2dcb1727b39fb3ff969d4f7ed15c597365
999,ONBALL-Shot,1,1,1,1,1.0,0,0,0,0,,,,0.145,-0.0008,,50176,a1c5eacf57438573abb1fa5d3bc08e2dcb1727b39fb3ff969d4f7ed15c597365
999,ONBALL-Shot,1,1,1,0,0.0,0,0,0,0,,,,-0.005,-0.0051,,50176,a1c5eacf57438573abb1fa5d3bc08e2dcb1727b39fb3ff969d4f7ed15c597365
999,ONBALL-Shot,1,1,1,0,0.0,0,0,0,0,,,,-0.005,-0.0051,,50176,a1c5eacf57438573abb1fa5d3bc08e2dcb1727b39fb3ff969d4f7ed15c597365
999,ONBALL-Shot,1,1,1,0,0.0,0,0,0,0,,,,-0.005,-0.0039,,50176,a1c5eacf57438573abb1fa5d3bc08e2dcb1727b39fb3ff969d4f7ed15c597365
123,ONBALL-pi,1,1,1,0,0.0,0,0,0,0,,,,0.0,,,50176,629a928805cec6169a84d931f25c1f997912006fa9ccd33ef56efcfc56966896
123,ONBALL-pi,1,1,1,0,0.0,0,0,0,0,,,,0.0,,,50176,629a928805cec6169a84d931f25c1f997912006fa9ccd33ef56efcfc56966896
123,ONBALL-pi,1,1,1,0,0.0,0,0,0,0,,,,0.0,,,50176,629a928805cec6169a84d931f25c1f997912006fa9ccd33ef56efcfc56966896
123,ONBALL-pi,1,1,1,0,0.0,0,0,0,0,,,,0.0,,,50176,629a928805cec6169a84d931f25c1f997912006fa9ccd33ef56efcfc56966896
123,ONBALL-pi,1,1,1,0,0.0,0,0,0,0,,,,0.0,,,50176,629a928805cec6169a84d931f25c1f997912006fa9ccd33ef56efcfc56966896
123,ONBALL-pi,1,1,1,0,0.0,0,0,0,0,,,,0.0,,,50176,629a928805cec6169a84d931f25c1f997912006fa9ccd33ef56efcfc56966896
123,ONBALL-pi,1,1,1,0,0.0,0,0,0,0,,,,0.0,,,50176,629a928805cec6169a84d931f25c1f997912006fa9ccd33ef56efcfc56966896
123,ONBALL-pi,1,1,1,0,0.0,0,0,0,0,,,,0.0,,,50176,629a928805cec6169a84d931f25c1f997912006fa9ccd33ef56efcfc56966896
123,ONBALL-pi,1,1,1,0,0.0,0,0,0,0,,,,0.0,,,50176,629a928805cec6169a84d931f25c1f997912006fa9ccd33ef56efcfc56966896
123,ONBALL-pi,1,1,1,0,0.0,0,0,0,0,,,,0.0,,,50176,629a928805cec6169a84d931f25c1f997912006fa9ccd33ef56efcfc56966896
42,ONBALL-pi,1,1,1,0,0.0,0,0,5,0,,,,0.0,,,50176,ca8bef84972a47757a61b006d7da10d935f4abe71feed0656151593848eeeaf2
42,ONBALL-pi,1,1,1,0,0.0,0,0,2,0,,,,0.0,,,50176,ca8bef84972a47757a61b006d7da10d935f4abe71feed0656151593848eeeaf2
42,ONBALL-pi,1,1,1,0,0.0,0,0,3,0,,,,0.0,,,50176,ca8bef84972a47757a61b006d7da10d935f4abe71feed0656151593848eeeaf2
42,ONBALL-pi,1,1,1,0,0.0,0,0,0,0,,,,0.0,,,50176,ca8bef84972a47757a61b006d7da10d935f4abe71feed0656151593848eeeaf2
42,ONBALL-pi,1,1,1,0,0.0,0,0,0,0,,,,0.0,,,50176,ca8bef84972a47757a61b006d7da10d935f4abe71feed0656151593848eeeaf2
42,ONBALL-pi,1,1,1,0,0.0,0,0,2,0,,,,0.0,,,50176,ca8bef84972a47757a61b006d7da10d935f4abe71feed0656151593848eeeaf2
42,ONBALL-pi,1,1,1,0,0.0,0,0,2,0,,,,0.0,,,50176,ca8bef84972a47757a61b006d7da10d935f4abe71feed0656151593848eeeaf2
42,ONBALL-pi,1,1,1,0,0.0,0,0,2,0,,,,0.0,,,50176,ca8bef84972a47757a61b006d7da10d935f4abe71feed0656151593848eeeaf2
42,ONBALL-pi,1,1,1,0,0.0,0,0,0,0,,,,0.0,,,50176,ca8bef84972a47757a61b006d7da10d935f4abe71feed0656151593848eeeaf2
42,ONBALL-pi,1,1,1,0,0.0,0,0,0,0,,,,0.0,,,50176,ca8bef84972a47757a61b006d7da10d935f4abe71feed0656151593848eeeaf2
7,ONBALL-pi,1,1,1,0,0.0,0,0,14,0,,,,0.0,,,50176,38b32f4cbd902ba7659d2e36bcf4d7582ed84613ad409e9843dadfd6d23fbad6
7,ONBALL-pi,1,1,1,0,0.0,0,0,4,0,,,,0.0,,,50176,38b32f4cbd902ba7659d2e36bcf4d7582ed84613ad409e9843dadfd6d23fbad6
7,ONBALL-pi,1,1,1,0,0.0,0,0,14,0,,,,0.0,,,50176,38b32f4cbd902ba7659d2e36bcf4d7582ed84613ad409e9843dadfd6d23fbad6
7,ONBALL-pi,1,1,1,0,0.0,0,0,14,0,,,,0.0,,,50176,38b32f4cbd902ba7659d2e36bcf4d7582ed84613ad409e9843dadfd6d23fbad6
7,ONBALL-pi,1,1,1,0,0.0,0,0,6,0,,,,0.0,,,50176,38b32f4cbd902ba7659d2e36bcf4d7582ed84613ad409e9843dadfd6d23fbad6
7,ONBALL-pi,1,1,1,0,0.0,0,0,2,0,,,,0.0,,,50176,38b32f4cbd902ba7659d2e36bcf4d7582ed84613ad409e9843dadfd6d23fbad6
7,ONBALL-pi,1,1,1,0,0.0,0,0,0,0,,,,0.0,,,50176,38b32f4cbd902ba7659d2e36bcf4d7582ed84613ad409e9843dadfd6d23fbad6
7,ONBALL-pi,1,1,1,0,0.0,0,0,4,0,,,,0.0,,,50176,38b32f4cbd902ba7659d2e36bcf4d7582ed84613ad409e9843dadfd6d23fbad6
7,ONBALL-pi,1,1,1,0,0.0,0,0,4,0,,,,0.0,,,50176,38b32f4cbd902ba7659d2e36bcf4d7582ed84613ad409e9843dadfd6d23fbad6
7,ONBALL-pi,1,1,1,0,0.0,0,0,4,0,,,,0.0,,,50176,38b32f4cbd902ba7659d2e36bcf4d7582ed84613ad409e9843dadfd6d23fbad6
999,ONBALL-pi,1,1,1,0,0.0,0,0,0,0,,,,0.0,,,50176,a1c5eacf57438573abb1fa5d3bc08e2dcb1727b39fb3ff969d4f7ed15c597365
999,ONBALL-pi,1,1,1,0,0.0,0,0,0,0,,,,0.0,,,50176,a1c5eacf57438573abb1fa5d3bc08e2dcb1727b39fb3ff969d4f7ed15c597365
999,ONBALL-pi,1,1,1,0,0.0,0,0,0,0,,,,0.0,,,50176,a1c5eacf57438573abb1fa5d3bc08e2dcb1727b39fb3ff969d4f7ed15c597365
999,ONBALL-pi,1,1,1,0,0.0,0,0,0,0,,,,0.0,,,50176,a1c5eacf57438573abb1fa5d3bc08e2dcb1727b39fb3ff969d4f7ed15c597365
999,ONBALL-pi,1,1,1,0,0.0,0,0,0,0,,,,0.0,,,50176,a1c5eacf57438573abb1fa5d3bc08e2dcb1727b39fb3ff969d4f7ed15c597365
999,ONBALL-pi,1,1,1,0,0.0,0,0,0,0,,,,0.0,,,50176,a1c5eacf57438573abb1fa5d3bc08e2dcb1727b39fb3ff969d4f7ed15c597365
999,ONBALL-pi,1,1,1,0,0.0,0,0,0,0,,,,0.0,,,50176,a1c5eacf57438573abb1fa5d3bc08e2dcb1727b39fb3ff969d4f7ed15c597365
999,ONBALL-pi,1,1,1,0,0.0,0,0,0,0,,,,0.0,,,50176,a1c5eacf57438573abb1fa5d3bc08e2dcb1727b39fb3ff969d4f7ed15c597365
999,ONBALL-pi,1,1,1,0,0.0,0,0,0,0,,,,0.0,,,50176,a1c5eacf57438573abb1fa5d3bc08e2dcb1727b39fb3ff969d4f7ed15c597365
999,ONBALL-pi,1,1,1,0,0.0,0,0,0,0,,,,0.0,,,50176,a1c5eacf57438573abb1fa5d3bc08e2dcb1727b39fb3ff969d4f7ed15c597365
