run_id,episode_id,seed,tick,action_source,action_selected,forced_action,pre_ball_pos_x,pre_ball_pos_y,pre_ball_pos_z,pre_ball_vel_x,pre_ball_vel_y,pre_ball_vel_z,pre_owner_id,pre_teammate_1_x,pre_teammate_1_y,pre_teammate_2_x,pre_teammate_2_y,pre_pass_direction_x,pre_pass_direction_y,post_event_code,post_event_name,post_ball_pos_x,post_ball_pos_y,post_ball_pos_z,post_ball_vel_x,post_ball_vel_y,post_ball_vel_z,post_owner_id,post_last_kicked_by,post_teammate_1_x,post_teammate_1_y,post_teammate_1_vel_x,post_teammate_1_vel_y,post_teammate_2_x,post_teammate_2_y,post_teammate_2_vel_x,post_teammate_2_vel_y,mask_sum,pass_legal,shot_legal,has_ball,reward,terminated,truncated
pass_diag_2026-09-18,0,123,0,forced,5,11,0.22872516512870789,-0.03214564174413681,0.0,0.0,0.0,0.0,left_1,0.4375791549682617,-0.1866646111011505,0.4863680601119995,0.2629093527793884,1.0,0.0,5,pass,0.2727501690387726,-0.03214564174413681,0.0,127.45237731933594,0.0,0.0,,,0.4410991668701172,-0.1866646111011505,0.211200008392334,0.0,0.4898880422115326,0.2629093527793884,0.211200008392334,0.0,15,0,0,False,-0.005,False,False
pass_diag_2026-09-18,0,123,1,policy,18,,,,,,,,,,,,,,,0,,0.3152342736721039,-0.03214564174413681,0.0,122.99153900146484,0.0,0.0,,,0.44725915789604187,-0.1866646111011505,0.36959999084472656,0.0,0.49604806303977966,0.2629093527793884,0.36959999084472656,0.0,15,0,0,False,-0.005848,False,False
pass_diag_2026-09-18,0,123,2,policy,18,,,,,,,,,,,,,,,0,,0.3562314808368683,-0.03214564174413681,0.0,118.68683624267578,0.0,0.0,,,0.45539915561676025,-0.1866646111011505,0.4884000015258789,0.0,0.504188060760498,0.2629093527793884,0.4884000015258789,0.0,15,0,0,False,-0.005819,False,False
pass_diag_2026-09-18,0,123,3,policy,17,,,,,,,,,,,,,,,0,,0.39579373598098755,-0.03214564174413681,0.0,114.53279876708984,0.0,0.0,,,0.4650241732597351,-0.1866646111011505,0.5775,0.0,0.5138130784034729,0.2629093527793884,0.5775,0.0,15,0,0,False,-0.005251,False,False
pass_diag_2026-09-18,0,123,4,policy,17,,,,,,,,,,,,,,,0,,0.4339713454246521,-0.03214564174413681,0.0,110.5241470336914,0.0,0.0,,,0.47576290369033813,-0.1866646111011505,0.6443250274658203,0.0,0.5245518088340759,0.2629093527793884,0.6443250274658203,0.0,15,0,0,False,-0.004815,False,False
pass_diag_2026-09-18,0,123,5,policy,17,,,,,,,,,,,,,,,0,,0.47081273794174194,-0.03214564174413681,0.0,106.65580749511719,0.0,0.0,,,0.4873369634151459,-0.1866646111011505,0.6944437408447266,0.0,0.5361258387565613,0.2629093527793884,0.6944437408447266,0.0,15,0,0,False,-0.004907,False,False
pass_diag_2026-09-18,0,123,6,policy,17,,,,,,,,,,,,,,,0,,0.506364643573761,-0.03214564174413681,0.0,102.9228515625,0.0,0.0,,,0.49953752756118774,-0.1866646111011505,0.7320327758789062,0.0,0.5483264327049255,0.2629093527793884,0.7320327758789062,0.0,15,0,0,False,-0.004985,False,False
pass_diag_2026-09-18,0,123,7,policy,17,,,,,,,,,,,,,,,0,,0.5406723022460938,-0.03214564174413681,0.0,99.32054901123047,0.0,0.0,,,0.5122079253196716,-0.1866646111011505,0.760224609375,0.0,0.5609968304634094,0.2629093527793884,0.760224609375,0.0,15,0,0,False,-0.005049,False,False
pass_diag_2026-09-18,0,123,8,policy,17,,,,,,,,,,,,,,,0,,0.5737791061401367,-0.03214564174413681,0.0,95.84432983398438,0.0,0.0,,,0.5252307653427124,-0.1866646111011505,0.7813684844970703,0.0,0.5740196108818054,0.2629093527793884,0.7813684844970703,0.0,15,0,0,False,-0.005097,False,False
pass_diag_2026-09-18,0,123,9,policy,17,,,,,,,,,,,,,,,0,,0.6057272553443909,-0.03214564174413681,0.0,92.48978424072266,0.0,0.0,,,0.5385178327560425,-0.1866646111011505,0.7972263336181641,0.0,0.5873067378997803,0.2629093527793884,0.7972263336181641,0.0,15,0,0,False,-0.005131,False,False
pass_diag_2026-09-18,0,123,10,policy,17,,,,,,,,,,,,,,,0,,0.6365571618080139,-0.03214564174413681,0.0,89.25263977050781,0.0,0.0,,,0.5520031452178955,-0.1866646111011505,0.8091197204589844,0.0,0.6007920503616333,0.2629093527793884,0.8091197204589844,0.0,15,0,0,False,-0.005153,False,False
pass_diag_2026-09-18,0,123,11,policy,2,,,,,,,,,,,,,,,0,,0.6663080453872681,-0.03214564174413681,0.0,86.12879943847656,0.0,0.0,,,0.5596281290054321,-0.18915362656116486,0.4574988555908203,-0.1493409538269043,0.6084170341491699,0.2604203522205353,0.4574988555908203,-0.1493409538269043,15,0,0,False,-0.005274,False,False
pass_diag_2026-09-18,0,123,12,policy,18,,,,,,,,,,,,,,,0,,0.6950176358222961,-0.03214564174413681,0.0,83.11428833007812,0.0,0.0,,,0.5628578662872314,-0.19350941479206085,0.19378318786621093,-0.26134666442871096,0.6116467714309692,0.2560645639896393,0.19378318786621093,-0.26134666442871096,15,0,0,False,-0.005375,False,False
pass_diag_2026-09-18,0,123,13,policy,18,,,,,,,,,,,,,,,0,,0.7227224111557007,-0.03214564174413681,0.0,80.20529174804688,0.0,0.0,,,0.5627911686897278,-0.199265256524086,-0.004003554284572601,-0.3453509521484375,0.6115800142288208,0.25030872225761414,-0.004003554284572601,-0.3453509521484375,15,0,0,False,-0.005455,False,False
pass_diag_2026-09-18,0,123,14,policy,18,,,,,,,,,,,,,,,0,,0.7494575381278992,-0.03214564174413681,0.0,77.39810180664062,0.0,0.0,,,0.5602520704269409,-0.2060711681842804,-0.1523436164855957,-0.4083541488647461,0.6090409755706787,0.24350281059741974,-0.1523436164855957,-0.4083541488647461,15,0,0,False,-0.005514,False,False
pass_diag_2026-09-18,0,123,15,policy,18,,,,,,,,,,,,,,,0,,0.775256872177124,-0.03214564174413681,0.0,74.68917083740234,0.0,0.0,,,0.5558587908744812,-0.21366460621356964,-0.26359867095947265,-0.455606575012207,0.604647696018219,0.2359093725681305,-0.26359867095947265,-0.455606575012207,15,0,0,False,-0.005555,False,False
pass_diag_2026-09-18,0,123,16,policy,5,,,,,,,,,,,,,,,0,,0.8001532554626465,-0.03214564174413681,0.0,72.0750503540039,0.0,0.0,,,0.5560837984085083,-0.21935968101024628,0.01350100040435791,-0.3417049407958984,0.6048727035522461,0.23021429777145386,0.01350100040435791,-0.3417049407958984,15,0,0,False,-0.005457,False,False
pass_diag_2026-09-18,0,123,17,policy,18,,,,,,,,,,,,,,,0,,0.33501338958740234,0.04943555220961571,0.0,122.99153900146484,0.0,0.0,,,0.4290578365325928,-0.17069481313228607,0.0,0.0,0.4694116711616516,0.2632288634777069,0.0,0.0,15,0,0,False,-0.002322,False,False
pass_diag_2026-09-18,0,123,18,policy,18,,,,,,,,,,,,,,,0,,0.37601056694984436,0.04943555220961571,0.0,118.68683624267578,0.0,0.0,,,0.4290578365325928,-0.17069481313228607,0.0,0.0,0.4694116711616516,0.2632288634777069,0.0,0.0,15,0,0,False,-0.005758,False,False
pass_diag_2026-09-18,0,123,19,policy,18,,,,,,,,,,,,,,,0,,0.45375046133995056,0.04943555220961571,0.0,110.5241470336914,0.0,0.0,,,0.41981735825538635,-0.1799352765083313,-0.3528179931640625,-0.3528179931640625,0.4601711928844452,0.2539883852005005,-0.3528179931640625,-0.3528179931640625,15,0,0,False,-0.004861,False,False
pass_diag_2026-09-18,0,123,20,policy,18,,,,,,,,,,,,,,,0,,0.5261437892913818,0.04943555220961571,0.0,102.9228515625,0.0,0.0,,,0.40525466203689575,-0.1944979578256607,-0.4598067855834961,-0.4598067855834961,0.445608526468277,0.23942570388317108,-0.4598067855834961,-0.4598067855834961,15,0,0,False,-0.005034,False,False
pass_diag_2026-09-18,0,123,21,policy,18,,,,,,,,,,,,,,,0,,0.5935582518577576,0.04943555220961571,0.0,95.84432983398438,0.0,0.0,,,0.38835158944129944,-0.21140103042125702,-0.5199879837036133,-0.5199879837036133,0.42870545387268066,0.22252264618873596,-0.5199879837036133,-0.5199879837036133,15,0,0,False,-0.005654,False,False
pass_diag_2026-09-18,0,123,22,policy,18,,,,,,,,,,,,,,,0,,0.65633624792099,0.04943555220961571,0.0,89.25263977050781,0.0,0.0,,,0.37013205885887146,-0.229620561003685,-0.5538399124145508,-0.5538399124145508,0.4104859232902527,0.20430311560630798,-0.5538399124145508,-0.5538399124145508,15,0,0,False,-0.006031,False,False
pass_diag_2026-09-18,0,123,23,policy,5,,,,,,,,,,,,,,,0,,0.714796781539917,0.04943555220961571,0.0,83.11428833007812,0.0,0.0,,,0.35718104243278503,-0.2460915893316269,-0.21234066009521485,-0.4235406494140625,0.39753487706184387,0.1878320872783661,-0.21234066009521485,-0.4235406494140625,15,0,0,False,-0.006111,False,False
pass_diag_2026-09-18,0,123,24,policy,18,,,,,,,,,,,,,,,0,,0.7692366242408752,0.04943555220961571,0.0,77.39810180664062,0.0,0.0,,,0.3622160851955414,-0.2553565502166748,0.25015838623046877,-0.23824161529541016,0.4025699496269226,0.17856712639331818,0.25015838623046877,-0.23824161529541016,15,0,0,False,-0.005852,False,False
pass_diag_2026-09-18,0,123,25,policy,2,,,,,,,,,,,,,,,0,,0.8199324011802673,0.04943555220961571,0.0,72.0750503540039,0.0,0.0,,,0.37135928869247437,-0.26305708289146423,0.14977313041687013,-0.28335186004638674,0.4117131233215332,0.17086657881736755,0.14977313041687013,-0.28335186004638674,15,0,0,False,-0.005743,False,False
pass_diag_2026-09-18,0,123,26,policy,2,,,,,,,,,,,,,,,0,,0.8671415448188782,0.04943555220961571,0.0,67.11808776855469,0.0,0.0,,,0.3765023350715637,-0.276100218296051,0.04691215038299561,-0.4207320785522461,0.41685616970062256,0.15782345831394196,0.04691215038299561,-0.4207320785522461,15,0,0,False,-0.005745,False,False
pass_diag_2026-09-18,0,123,27,policy,14,,,,,,,,,,,,,,,15,pass_intercepted,0.9111039042472839,0.04943555220961571,0.0,62.50204086303711,0.0,0.0,,,0.37957775592803955,-0.283848375082016,0.0,0.0,0.4199315905570984,0.150075301527977,0.0,0.0,15,0,0,False,-0.005765,True,False
pass_diag_2026-09-18,1,1132,0,forced,5,11,0.21973519027233124,0.001275338465347886,0.0,0.0,0.0,0.0,left_1,0.47825461626052856,-0.25281235575675964,0.474968284368515,0.19197337329387665,0.0,1.0,5,pass,0.18441753089427948,0.03921869769692421,0.0,0.0,127.45237731933594,0.0,,,0.48177459836006165,-0.24665236473083496,0.211200008392334,0.1584000015258789,0.4784882664680481,0.19813337922096252,0.211200008392334,0.1584000015258789,15,0,0,False,-0.005,False,False
pass_diag_2026-09-18,1,1132,1,policy,18,,,,,,,,,,,,,,,0,,0.18441753089427948,0.12270000576972961,0.0,0.0,118.68683624267578,0.0,,,0.4994626045227051,-0.24318736791610718,0.617760009765625,0.08909999847412109,0.49617627263069153,0.2015983760356903,0.617760009765625,0.08909999847412109,15,0,0,False,-0.006247,False,False
pass_diag_2026-09-18,1,1132,2,policy,8,,,,,,,,,,,,,,,0,,0.18441753089427948,0.20043988525867462,0.0,0.0,110.5241470336914,0.0,,,0.5012999176979065,-0.23787812888622284,-0.06796028614044189,0.2517290306091309,0.49801361560821533,0.20690761506557465,-0.06796028614044189,0.2517290306091309,15,0,0,False,-0.006186,False,False
pass_diag_2026-09-18,1,1132,3,policy,18,,,,,,,,,,,,,,,0,,0.18441753089427948,0.2728331983089447,0.0,0.0,102.9228515625,0.0,,,0.48674529790878296,-0.23237155377864838,-0.5371876525878906,0.14159758567810057,0.48485079407691956,0.21577435731887817,-0.45367794036865233,0.3432078552246094,15,0,0,False,-0.006225,False,False
pass_diag_2026-09-18,1,1132,4,policy,5,,,,,,,,,,,,,,,0,,0.18441753089427948,0.34024766087532043,0.0,0.0,95.84432983398438,0.0,,,0.47143033146858215,-0.22927410900592804,-0.2308880615234375,0.07964863777160644,0.4713625907897949,0.22328202426433563,-0.1839138412475586,0.19305442810058593,15,0,0,False,-0.006247,False,False
pass_diag_2026-09-18,1,1132,5,policy,5,,,,,,,,,,,,,,,0,,0.18441753089427948,0.40302571654319763,0.0,0.0,89.25263977050781,0.0,,,0.46281564235687256,-0.2275317907333374,-0.05859453201293945,0.04480236053466797,0.46377548575401306,0.22750508785247803,-0.03217153787612915,0.10859311103820801,15,0,0,False,-0.005436,False,False
pass_diag_2026-09-18,1,1132,6,policy,5,,,,,,,,,,,,,,,0,,0.18441753089427948,0.3700000047683716,0.0,0.0,0.0,0.0,,,0.45796990394592285,-0.22655174136161804,0.038320574760437015,0.025201327800750732,0.4595077335834503,0.22988057136535645,0.05318350791931152,0.061083626747131345,15,0,0,False,-0.004576,False,False
pass_diag_2026-09-18,1,1132,7,policy,5,,,,,,,,,,,,,,,0,,0.18441753089427948,0.3700000047683716,0.0,0.0,0.0,0.0,,,0.48313459753990173,-0.2258232682943344,0.6755065155029297,0.010631810426712036,0.4851020574569702,0.23164626955986023,0.6817768096923829,0.025769655704498292,15,0,0,False,-0.005391,False,False
pass_diag_2026-09-18,1,1132,8,policy,7,,,,,,,,,,,,,,,0,,0.18441753089427948,0.3700000047683716,0.0,0.0,0.0,0.0,,,0.49157842993736267,-0.22093836963176727,0.506629867553711,0.29309385299682617,0.4936242699623108,0.23672038316726685,0.5113325881958007,0.30444725036621095,15,0,0,False,-0.004878,False,False
pass_diag_2026-09-18,1,1132,9,policy,7,,,,,,,,,,,,,,,0,,0.18441753089427948,0.3700000047683716,0.0,0.0,0.0,0.0,,,0.5026609301567078,-0.20145894587039948,0.284979305267334,0.6638253021240235,0.5048096776008606,0.2564481794834137,0.2876245880126953,0.6702115631103516,15,0,0,False,-0.004585,False,False
pass_diag_2026-09-18,1,1132,10,policy,3,,,,,,,,,,,,,,,0,,0.18441753089427948,0.3700000047683716,0.0,0.0,0.0,0.0,,,0.5005788803100586,-0.19168975949287415,-0.05353914260864258,0.08828172683715821,0.5027854442596436,0.26635703444480896,-0.05205117225646973,0.09187400817871094,15,0,0,False,-0.004807,False,False
pass_diag_2026-09-18,1,1132,11,policy,5,,,,,,,,,,,,,,,0,,0.18441753089427948,0.3700000047683716,0.0,0.0,0.0,0.0,,,0.5005788803100586,-0.2443297654390335,7.966278800356809e-17,-1.300991973876953,0.5027854442596436,0.2137170433998108,7.966278800356809e-17,-1.300991973876953,15,0,0,False,-0.006048,False,False
pass_diag_2026-09-18,1,1132,12,policy,14,,,,,,,,,,,,,,,0,,0.18441753089427948,0.3700000047683716,0.0,0.0,0.0,0.0,,,0.5005788803100586,-0.266012966632843,0.0,0.0,0.5027854442596436,0.19203384220600128,0.0,0.0,15,0,0,False,-0.005411,False,False
pass_diag_2026-09-18,1,1132,13,policy,5,,,,,,,,,,,,,,,0,,0.18441753089427948,0.3700000047683716,0.0,0.0,0.0,0.0,,,0.5005788803100586,-0.266012966632843,0.0,0.0,0.5027854442596436,0.19203384220600128,0.0,0.0,15,0,0,False,-0.005,False,False
pass_diag_2026-09-18,1,1132,14,policy,5,,,,,,,,,,,,,,,0,,0.18441753089427948,0.3700000047683716,0.0,0.0,0.0,0.0,,,0.5005788803100586,-0.266012966632843,0.0,0.0,0.5027854442596436,0.19203384220600128,0.0,0.0,15,0,0,False,-0.005,False,False
pass_diag_2026-09-18,1,1132,15,policy,5,,,,,,,,,,,,,,,15,pass_intercepted,0.18441753089427948,0.3700000047683716,0.0,0.0,0.0,0.0,,,0.5005788803100586,-0.266012966632843,0.0,0.0,0.5027854442596436,0.19203384220600128,0.0,0.0,15,0,0,False,-0.005,True,False
pass_diag_2026-09-18,2,2141,0,forced,5,11,0.171182319521904,0.02509322203695774,0.0,0.0,0.0,0.0,left_1,0.492996484041214,-0.2189173549413681,0.4364219605922699,0.2036888599395752,1.0,0.0,5,pass,0.3095965087413788,-0.03626677393913269,0.0,127.45237731933594,0.0,0.0,,,0.49651649594306946,-0.2189173549413681,0.211200008392334,0.0,0.43994197249412537,0.2036888599395752,0.211200008392334,0.0,15,0,0,False,-0.005,False,False
pass_diag_2026-09-18,2,2141,1,policy,18,,,,,,,,,,,,,,,0,,0.3930778205394745,-0.03626677393913269,0.0,118.68683624267578,0.0,0.0,,,0.5142045021057129,-0.2189173549413681,0.617760009765625,0.0,0.4576299488544464,0.2036888599395752,0.617760009765625,0.0,15,0,0,False,-0.00667,False,False
pass_diag_2026-09-18,2,2141,2,policy,17,,,,,,,,,,,,,,,15,pass_intercepted,0.4708176851272583,-0.03626677393913269,0.0,110.5241470336914,0.0,0.0,,,0.5373979806900024,-0.2189173549413681,0.7170899963378906,0.0,0.48082345724105835,0.2036888599395752,0.7170899963378906,0.0,15,0,0,False,-0.005838,True,False
pass_diag_2026-09-18,3,3150,0,forced,5,11,0.1736108511686325,0.03462947532534599,0.0,0.0,0.0,0.0,left_1,0.43433281779289246,-0.24794477224349976,0.41967886686325073,0.244594544172287,1.0,0.0,0,,0.24942785501480103,-0.02916065603494644,0.0,122.99153900146484,0.0,0.0,,,0.4746604859828949,-0.20958355069160461,0.2851199913024902,0.0,0.4134092926979065,0.20394764840602875,0.2851199913024902,0.0,15,0,0,False,-0.005,False,False
pass_diag_2026-09-18,3,3150,1,policy,18,,,,,,,,,,,,,,,0,,0.3299873173236847,-0.02916065603494644,0.0,114.53279876708984,0.0,0.0,,,0.47165700793266296,-0.21882401406764984,-0.19243799209594725,-0.3528179931640625,0.41040581464767456,0.19470718502998352,-0.19243799209594725,-0.3528179931640625,15,0,0,False,-0.006649,False,False
pass_diag_2026-09-18,3,3150,2,policy,18,,,,,,,,,,,,,,,0,,0.4050062894821167,-0.02916065603494644,0.0,106.65580749511719,0.0,0.0,,,0.46060261130332947,-0.23338671028614044,-0.36959304809570315,-0.4598067855834961,0.39935144782066345,0.18014448881149292,-0.36959304809570315,-0.4598067855834961,15,0,0,False,-0.006054,False,False
pass_diag_2026-09-18,3,3150,3,policy,18,,,,,,,,,,,,,,,0,,0.41245242953300476,-0.014037437736988068,0.0,-41.57481002807617,-16.063905715942383,0.0,,,0.44567298889160156,-0.25028976798057556,-0.4692427444458008,-0.5199879837036133,0.38442179560661316,0.1632414162158966,-0.4692427444458008,-0.5199879837036133,15,0,0,False,-0.004402,True,False
pass_diag_2026-09-18,4,4159,0,forced,5,11,0.23904702067375183,0.03779557719826698,0.0,0.0,0.0,0.0,left_1,0.498731404542923,-0.1794622540473938,0.4003239572048187,0.18863625824451447,1.0,0.0,0,,0.3255561292171478,0.03779557719826698,0.0,122.99153900146484,0.0,0.0,,,0.5034834146499634,-0.1794622540473938,0.2851199913024902,0.0,0.40507596731185913,0.18863625824451447,0.2851199913024902,0.0,15,0,0,False,-0.005,False,False
pass_diag_2026-09-18,4,4159,1,policy,18,,,,,,,,,,,,,,,0,,0.4061155915260315,0.03779557719826698,0.0,114.53279876708984,0.0,0.0,,,0.5004799365997314,-0.18870271742343903,-0.19243799209594725,-0.3528179931640625,0.4020724892616272,0.17939577996730804,-0.19243799209594725,-0.3528179931640625,15,0,0,False,-0.005635,False,False
pass_diag_2026-09-18,4,4159,2,policy,18,,,,,,,,,,,,,,,0,,0.4811345934867859,0.03779557719826698,0.0,106.65580749511719,0.0,0.0,,,0.48942553997039795,-0.20326541364192963,-0.36959304809570315,-0.4598067855834961,0.3910181224346161,0.16483309864997864,-0.36959304809570315,-0.4598067855834961,15,0,0,False,-0.005282,False,False
pass_diag_2026-09-18,4,4159,3,policy,18,,,,,,,,,,,,,,,0,,0.5509941577911377,0.03779557719826698,0.0,99.32054901123047,0.0,0.0,,,0.47449591755867004,-0.22016847133636475,-0.4692427444458008,-0.5199879837036133,0.3760884702205658,0.14793002605438232,-0.4692427444458008,-0.5199879837036133,15,0,0,False,-0.006019,False,False
pass_diag_2026-09-18,4,4159,4,policy,18,,,,,,,,,,,,,,,0,,0.6160491108894348,0.03779557719826698,0.0,92.48978424072266,0.0,0.0,,,0.45738643407821655,-0.23838800191879272,-0.5252957153320312,-0.5538399124145508,0.3589790165424347,0.12971049547195435,-0.5252957153320312,-0.5538399124145508,15,0,0,False,-0.006326,False,False
pass_diag_2026-09-18,4,4159,5,policy,5,,,,,,,,,,,,,,,0,,0.676629900932312,0.03779557719826698,0.0,86.12879943847656,0.0,0.0,,,0.44505980610847473,-0.2548590302467346,-0.19628456115722656,-0.4235406494140625,0.34665238857269287,0.11323946714401245,-0.19628456115722656,-0.4235406494140625,15,0,0,False,-0.00631,False,False
pass_diag_2026-09-18,4,4159,6,policy,18,,,,,,,,,,,,,,,0,,0.7330442667007446,0.03779557719826698,0.0,80.20529174804688,0.0,0.0,,,0.45044606924057007,-0.26412397623062134,0.2591899299621582,-0.23824161529541016,0.3520386517047882,0.10397452116012573,0.2591899299621582,-0.23824161529541016,15,0,0,False,-0.005964,False,False
pass_diag_2026-09-18,4,4159,7,policy,2,,,,,,,,,,,,,,,0,,0.785578727722168,0.03779557719826698,0.0,74.68917083740234,0.0,0.0,,,0.4597868323326111,-0.27182453870773315,0.15485339164733886,-0.28335186004638674,0.3613794147968292,0.09627396613359451,0.15485339164733886,-0.28335186004638674,15,0,0,False,-0.00583,False,False
pass_diag_2026-09-18,4,4159,8,policy,2,,,,,,,,,,,,,,,0,,0.8345001339912415,0.03779557719826698,0.0,69.55242156982422,0.0,0.0,,,0.46504101157188416,-0.28486764430999756,0.0497697925567627,-0.4207320785522461,0.3666335940361023,0.08323085308074951,0.0497697925567627,-0.4207320785522461,15,0,0,False,-0.005837,False,False
pass_diag_2026-09-18,4,4159,9,policy,14,,,,,,,,,,,,,,,0,,0.8800569772720337,0.03779557719826698,0.0,64.76895141601562,0.0,0.0,,,0.46815216541290283,-0.2926158308982849,0.0,0.0,0.36974474787712097,0.07548268139362335,0.0,0.0,15,0,0,False,-0.005833,False,False
pass_diag_2026-09-18,4,4159,10,policy,2,,,,,,,,,,,,,,,15,pass_intercepted,0.9224806427955627,0.03779557719826698,0.0,60.31446838378906,0.0,0.0,,,0.4700189232826233,-0.29946061968803406,-0.03733523845672607,-0.26134666442871096,0.37161150574684143,0.0686378926038742,-0.03733523845672607,-0.26134666442871096,15,0,0,False,-0.005801,True,False
pass_diag_2026-09-18,5,5168,0,forced,5,11,0.20524202287197113,-0.028955545276403427,0.0,0.0,0.0,0.0,left_1,0.45377567410469055,-0.1803663671016693,0.48611509799957275,0.21358196437358856,1.0,0.0,5,pass,0.24926702678203583,-0.028955545276403427,0.0,127.45237731933594,0.0,0.0,,,0.457295686006546,-0.1803663671016693,0.211200008392334,0.0,0.4896351099014282,0.21358196437358856,0.211200008392334,0.0,15,0,0,False,-0.005,False,False
pass_diag_2026-09-18,5,5168,1,policy,18,,,,,,,,,,,,,,,0,,0.2917511463165283,-0.028955545276403427,0.0,122.99153900146484,0.0,0.0,,,0.4634556770324707,-0.1803663671016693,0.36959999084472656,0.0,0.4957951009273529,0.21358196437358856,0.36959999084472656,0.0,15,0,0,False,-0.005827,False,False
pass_diag_2026-09-18,5,5168,2,policy,18,,,,,,,,,,,,,,,0,,0.33274832367897034,-0.028955545276403427,0.0,118.68683624267578,0.0,0.0,,,0.4715956747531891,-0.1803663671016693,0.4884000015258789,0.0,0.5039350986480713,0.21358196437358856,0.4884000015258789,0.0,15,0,0,False,-0.005811,False,False
pass_diag_2026-09-18,5,5168,3,policy,18,,,,,,,,,,,,,,,0,,0.372310608625412,-0.028955545276403427,0.0,114.53279876708984,0.0,0.0,,,0.48122066259384155,-0.1803663671016693,0.5775,0.0,0.5135601162910461,0.21358196437358856,0.5775,0.0,15,0,0,False,-0.005787,False,False
pass_diag_2026-09-18,5,5168,4,policy,17,,,,,,,,,,,,,,,0,,0.2630784809589386,-0.04759024828672409,0.0,10.190400123596191,0.0,0.0,left_1,,0.4045684039592743,-0.2499726265668869,0.211200008392334,0.0,0.448346346616745,0.25434410572052,0.211200008392334,0.0,18,1,1,True,-0.029726,False,False
pass_diag_2026-09-18,5,5168,5,policy,1,,,,,,,,,,,,,,,0,,0.3495875895023346,-0.04759024828672409,0.0,122.99153900146484,0.0,0.0,,,0.41028842329978943,-0.2499726265668869,-0.01583999991416931,0.0,0.45406636595726013,0.25434410572052,-0.01583999991416931,0.0,15,0,0,False,-0.006591,False,False
pass_diag_2026-09-18,5,5168,6,policy,18,,,,,,,,,,,,,,,0,,0.43014705181121826,-0.04759024828672409,0.0,114.53279876708984,0.0,0.0,,,0.4007014334201813,-0.2592131197452545,-0.36172798156738284,-0.3528179931640625,0.444479376077652,0.2451036423444748,-0.36172798156738284,-0.3528179931640625,15,0,0,False,-0.006725,False,False
pass_diag_2026-09-18,5,5168,7,policy,18,,,,,,,,,,,,,,,15,pass_intercepted,0.5051660537719727,-0.04759024828672409,0.0,106.65580749511719,0.0,0.0,,,0.38354817032814026,-0.27617147564888,-0.5562900161743164,-0.5512781143188477,0.42732611298561096,0.2281452864408493,-0.5562900161743164,-0.5512781143188477,15,0,0,False,-0.106362,True,False
pass_diag_2026-09-18,6,6177,0,forced,5,11,0.15339228510856628,-0.01702328585088253,0.0,0.0,0.0,0.0,left_1,0.4955853223800659,-0.18555040657520294,0.4863847494125366,0.17147769033908844,1.0,0.0,5,pass,0.1974172741174698,-0.01702328585088253,0.0,127.45237731933594,0.0,0.0,,,0.499105304479599,-0.18555040657520294,0.211200008392334,0.0,0.4899047315120697,0.17147769033908844,0.211200008392334,0.0,15,0,0,False,-0.005,False,False
pass_diag_2026-09-18,6,6177,1,policy,18,,,,,,,,,,,,,,,0,,0.2183689922094345,0.01028667576611042,0.0,0.0,0.0,0.0,left_1,,0.4876917600631714,-0.20702753961086273,0.0,0.0,0.44737523794174194,0.25272804498672485,0.0,0.0,18,1,1,True,0.045945,False,False
pass_diag_2026-09-18,6,6177,2,policy,5,,,,,,,,,,,,,,,0,,0.3048781156539917,0.01028667576611042,0.0,122.99153900146484,0.0,0.0,,,0.4924437701702118,-0.20702753961086273,0.2851199913024902,0.0,0.45212724804878235,0.25272804498672485,0.2851199913024902,0.0,15,0,0,False,-0.00666,False,False
pass_diag_2026-09-18,6,6177,3,policy,18,,,,,,,,,,,,,,,0,,0.38543757796287537,0.01028667576611042,0.0,114.53279876708984,0.0,0.0,,,0.48944029211997986,-0.21626800298690796,-0.19243799209594725,-0.3528179931640625,0.4491237699985504,0.24348756670951843,-0.19243799209594725,-0.3528179931640625,15,0,0,False,-0.006658,False,False
pass_diag_2026-09-18,6,6177,4,policy,18,,,,,,,,,,,,,,,0,,0.4084889888763428,0.009972313418984413,0.0,-41.61595153808594,-10.305131912231445,0.0,,,0.4759902358055115,-0.214745432138443,-0.46106437683105467,0.15435787200927734,0.43567371368408203,0.2450101375579834,-0.46106437683105467,0.15435787200927734,15,0,0,False,-0.005659,True,False
pass_diag_2026-09-18,7,7186,0,forced,5,11,0.23484522104263306,0.033885713666677475,0.0,0.0,0.0,0.0,left_1,0.4275098443031311,-0.24102891981601715,0.41950085759162903,0.21442332863807678,1.0,0.0,5,pass,0.27887022495269775,0.033885713666677475,0.0,127.45237731933594,0.0,0.0,,,0.4310298562049866,-0.24102891981601715,0.211200008392334,0.0,0.4230208396911621,0.21442332863807678,0.211200008392334,0.0,15,0,0,False,-0.005,False,False
pass_diag_2026-09-18,7,7186,1,policy,18,,,,,,,,,,,,,,,0,,0.32135432958602905,0.033885713666677475,0.0,122.99153900146484,0.0,0.0,,,0.43718984723091125,-0.24102891981601715,0.36959999084472656,0.0,0.4291808605194092,0.21442332863807678,0.36959999084472656,0.0,15,0,0,False,-0.005599,False,False
pass_diag_2026-09-18,7,7186,2,policy,18,,,,,,,,,,,,,,,0,,0.36235153675079346,0.033885713666677475,0.0,118.68683624267578,0.0,0.0,,,0.44532984495162964,-0.24102891981601715,0.4884000015258789,0.0,0.43732085824012756,0.21442332863807678,0.4884000015258789,0.0,15,0,0,False,-0.005707,False,False
pass_diag_2026-09-18,7,7186,3,policy,18,,,,,,,,,,,,,,,0,,0.4019137918949127,0.033885713666677475,0.0,114.53279876708984,0.0,0.0,,,0.4549548625946045,-0.24102891981601715,0.5775,0.0,0.44694584608078003,0.21442332863807678,0.5775,0.0,15,0,0,False,-0.00573,False,False
pass_diag_2026-09-18,7,7186,4,policy,18,,,,,,,,,,,,,,,15,pass_intercepted,0.44009140133857727,0.033885713666677475,0.0,110.5241470336914,0.0,0.0,,,0.4656935930252075,-0.24102891981601715,0.6443250274658203,0.0,0.45768460631370544,0.21442332863807678,0.6443250274658203,0.0,15,0,0,False,-0.00517,True,False
pass_diag_2026-09-18,8,8195,0,forced,5,11,0.24931460618972778,0.022628633305430412,0.0,0.0,0.0,0.0,left_1,0.42492684721946716,-0.17158576846122742,0.4407990574836731,0.24446743726730347,0.7071067811865476,-0.7071067811865476,5,pass,0.20698276162147522,-0.03691067919135094,0.0,90.1224365234375,-90.1224365234375,0.0,,,0.42844685912132263,-0.17158576846122742,0.211200008392334,0.0,0.44867485761642456,0.24011164903640747,0.32320571899414063,-0.11200571060180664,15,0,0,False,-0.005,False,False
pass_diag_2026-09-18,8,8195,1,policy,17,,,,,,,,,,,,,,,0,,0.266012966632843,-0.09594087302684784,0.0,83.92427062988281,-83.92427062988281,0.0,,,0.4399116337299347,-0.17843057215213776,0.3801466751098633,-0.26134666442871096,0.4625897705554962,0.23081673681735992,0.4431498718261719,-0.3243498992919922,15,0,0,False,-0.006314,False,False
pass_diag_2026-09-18,8,8195,2,policy,17,,,,,,,,,,,,,,,0,,0.320983350276947,-0.15091127157211304,0.0,78.15237426757812,-78.15237426757812,0.0,,,0.4413825571537018,-0.17730273306369781,-0.04751416683197021,0.11433917045593261,0.4654388725757599,0.2305663824081421,-0.012074857950210571,0.07889986038208008,15,0,0,False,-0.004894,False,False
pass_diag_2026-09-18,8,8195,3,policy,17,,,,,,,,,,,,,,,0,,0.37217316031455994,-0.20210108160972595,0.0,72.7774429321289,-72.7774429321289,0.0,,,0.43889352679252625,-0.17481371760368347,-0.1493409538269043,0.1493409538269043,0.46294987201690674,0.23305539786815643,-0.1493409538269043,0.1493409538269043,15,0,0,False,-0.003977,False,False
pass_diag_2026-09-18,8,8195,4,policy,17,,,,,,,,,,,,,,,0,,0.419842392206192,-0.24977029860019684,0.0,67.77217864990234,-67.77217864990234,0.0,,,0.4364045262336731,-0.17232470214366913,-0.1493409538269043,0.1493409538269043,0.4604608416557312,0.23554441332817078,-0.1493409538269043,0.1493409538269043,15,0,0,False,-0.005142,False,False
pass_diag_2026-09-18,8,8195,5,policy,17,,,,,,,,,,,,,,,0,,0.4642331600189209,-0.2941610813140869,0.0,63.11114501953125,-63.11114501953125,0.0,,,0.43391549587249756,-0.16983568668365479,-0.1493409538269043,0.1493409538269043,0.45797184109687805,0.23803342878818512,-0.1493409538269043,0.1493409538269043,15,0,0,False,-0.005975,False,False
pass_diag_2026-09-18,8,8195,6,policy,17,,,,,,,,,,,,,,,0,,0.5055709481239319,-0.3354988694190979,0.0,58.77067565917969,-58.77067565917969,0.0,,,0.4374934732913971,-0.17341364920139313,0.17734237670898437,-0.17734237670898437,0.4554828107357025,0.24052244424819946,-0.1493409538269043,0.1493409538269043,15,0,0,False,-0.005957,False,False
pass_diag_2026-09-18,8,8195,7,policy,17,,,,,,,,,,,,,,,0,,0.5440657734870911,-0.3739936649799347,0.0,54.72872543334961,-54.72872543334961,0.0,,,0.44821763038635254,-0.18413780629634857,0.3611017608642578,-0.3611017608642578,0.45906078815460205,0.23694448173046112,0.17734237670898437,-0.17734237670898437,15,0,0,False,-0.005738,False,False
pass_diag_2026-09-18,8,8195,8,policy,1,,,,,,,,,,,,,,,0,,0.5799130797386169,-0.40984100103378296,0.0,50.96475601196289,-50.96475601196289,0.0,,,0.4569525122642517,-0.19639268517494202,0.10392544746398925,-0.31512544631958006,0.4637759029865265,0.22870934009552002,0.0005608033016324043,-0.2117608070373535,15,0,0,False,-0.005673,False,False
pass_diag_2026-09-18,8,8195,9,policy,1,,,,,,,,,,,,,,,0,,0.5969012975692749,-0.3700000047683716,0.0,0.0,0.0,0.0,,,0.460061639547348,-0.2076418250799179,-0.040736217498779294,-0.2892637825012207,0.46462395787239075,0.21972128748893738,-0.09887883186340332,-0.23112115859985352,15,0,0,False,-0.00432,False,False
pass_diag_2026-09-18,8,8195,10,policy,5,,,,,,,,,,,,,,,0,,0.5969012975692749,-0.3700000047683716,0.0,0.0,0.0,0.0,,,0.4556065499782562,-0.21396946907043457,0.04836587429046631,-0.16271087646484375,0.4588969945907593,0.2146655172109604,0.01566065549850464,-0.1300056552886963,15,0,0,False,-0.004963,False,False
pass_diag_2026-09-18,8,8195,11,policy,5,,,,,,,,,,,,,,,0,,0.5969012975692749,-0.3700000047683716,0.0,0.0,0.0,0.0,,,0.467296838760376,-0.22340907156467438,0.4635335159301758,-0.24273258209228515,0.4698718786239624,0.2059413343667984,0.44513683319091796,-0.22433589935302733,15,0,0,False,-0.004703,False,False
pass_diag_2026-09-18,8,8195,12,policy,2,,,,,,,,,,,,,,,0,,0.5969012975692749,-0.3700000047683716,0.0,0.0,0.0,0.0,,,0.48239246010780334,-0.23207901418209076,0.2729673194885254,-0.3381473541259766,0.48456504940986633,0.19767382740974426,0.26261919021606445,-0.32779922485351565,15,0,0,False,-0.004672,False,False
pass_diag_2026-09-18,8,8195,13,policy,18,,,,,,,,,,,,,,,0,,0.5969012975692749,-0.3700000047683716,0.0,0.0,0.0,0.0,,,0.497604101896286,-0.24871645867824554,0.5063621139526367,-0.5430258941650391,0.49955031275749207,0.18126274645328522,0.5005413055419922,-0.5372050476074218,15,0,0,False,-0.00455,False,False
pass_diag_2026-09-18,8,8195,14,policy,2,,,,,,,,,,,,,,,0,,0.5969012975692749,-0.3700000047683716,0.0,0.0,0.0,0.0,,,0.5112009048461914,-0.26983562111854553,0.23442611694335938,-0.6582700347900391,0.5130198001861572,0.16027091443538666,0.23115190505981445,-0.6549958801269531,15,0,0,False,-0.004502,False,False
pass_diag_2026-09-18,8,8195,15,policy,2,,,,,,,,,,,,,,,15,pass_intercepted,0.5969012975692749,-0.3700000047683716,0.0,0.0,0.0,0.0,,,0.5070884823799133,-0.28171515464782715,-0.220953311920166,-0.42067947387695315,0.5088357925415039,0.14846301078796387,-0.22279504776000977,-0.4188377380371094,15,0,0,False,-0.004882,True,False
pass_diag_2026-09-18,9,9204,0,forced,5,11,0.21962837874889374,-0.0005460167885757983,0.0,0.0,0.0,0.0,left_1,0.4076906442642212,-0.2699265480041504,0.41175156831741333,0.25238895416259766,1.0,0.0,5,pass,0.26365339756011963,-0.0005460167885757983,0.0,127.45237731933594,0.0,0.0,left_1,,0.41121065616607666,-0.2699265480041504,0.211200008392334,0.0,0.4152715504169464,0.25238895416259766,0.211200008392334,0.0,18,1,1,True,0.035,False,False
pass_diag_2026-09-18,9,9204,1,policy,18,,,,,,,,,,,,,,,0,,0.27451375126838684,0.01591179333627224,0.0,0.0,0.0,0.0,left_1,,0.41737064719200134,-0.2699265480041504,0.36959999084472656,0.0,0.4214315712451935,0.25238895416259766,0.36959999084472656,0.0,18,1,1,True,0.03149,False,False
pass_diag_2026-09-18,9,9204,2,policy,1,,,,,,,,,,,,,,,0,,0.2209937572479248,0.01591179333627224,0.0,-10.190400123596191,0.0,0.0,left_1,,0.4184706509113312,-0.2699265480041504,0.06599999904632568,0.0,0.4225315451622009,0.25238895416259766,0.06599999904632568,0.0,18,1,1,True,-0.004434,False,False
pass_diag_2026-09-18,9,9204,3,policy,5,,,,,,,,,,,,,,,0,,0.2718737721443176,0.01591179333627224,0.0,2.547600030899048,0.0,0.0,left_1,,0.4228156507015228,-0.2699265480041504,0.2606999969482422,0.0,0.4268765449523926,0.25238895416259766,0.2606999969482422,0.0,18,1,1,True,0.045434,False,False
pass_diag_2026-09-18,9,9204,4,policy,1,,,,,,,,,,,,,,,0,,0.2190137654542923,0.01591179333627224,0.0,-8.27970027923584,0.0,0.0,left_1,,0.4225544035434723,-0.2699265480041504,-0.015674999952316283,0.0,0.42661529779434204,0.25238895416259766,-0.015674999952316283,0.0,18,1,1,True,-0.008008,False,False
pass_diag_2026-09-18,9,9204,5,policy,5,,,,,,,,,,,,,,,0,,0.1999780237674713,0.024212980642914772,0.0,10.190400123596191,0.0,0.0,left_1,,0.45954930782318115,-0.18679137527942657,0.211200008392334,0.0,0.4810361862182617,0.2629525363445282,0.211200008392334,0.0,18,1,1,True,0.02538,False,False
pass_diag_2026-09-18,9,9204,6,policy,1,,,,,,,,,,,,,,,0,,0.2864871621131897,0.024212980642914772,0.0,122.99153900146484,0.0,0.0,,,0.4677332937717438,-0.18679137527942657,0.04751999855041504,0.0,0.48922017216682434,0.2629525363445282,0.04751999855041504,0.0,15,0,0,False,-0.006585,False,False
pass_diag_2026-09-18,9,9204,7,policy,18,,,,,,,,,,,,,,,0,,0.36704662442207336,0.024212980642914772,0.0,114.53279876708984,0.0,0.0,,,0.45953232049942017,-0.1960318386554718,-0.3260879898071289,-0.3528179931640625,0.48101919889450073,0.2537120580673218,-0.3260879898071289,-0.3528179931640625,15,0,0,False,-0.006722,False,False
pass_diag_2026-09-18,9,9204,8,policy,18,,,,,,,,,,,,,,,0,,0.4052242040634155,0.024212980642914772,0.0,110.5241470336914,0.0,0.0,,,0.45209604501724243,-0.20380224287509918,-0.44617630004882813,-0.46622379302978517,0.473582923412323,0.2459416687488556,-0.44617630004882813,-0.46622379302978517,15,0,0,False,-0.005834,False,False
pass_diag_2026-09-18,9,9204,9,policy,18,,,,,,,,,,,,,,,15,pass_intercepted,0.4776175320148468,0.024212980642914772,0.0,102.9228515625,0.0,0.0,,,0.435491144657135,-0.22084566950798035,-0.5123208236694335,-0.523597526550293,0.4569780230522156,0.22889822721481323,-0.5123208236694335,-0.523597526550293,15,0,0,False,-0.104474,True,False
pass_diag_2026-09-18,10,10213,0,forced,5,11,0.20364534854888916,0.003663352457806468,0.0,0.0,0.0,0.0,left_1,0.4049510061740875,-0.2176569402217865,0.43006661534309387,0.26666516065597534,1.0,0.0,5,pass,0.2150811105966568,-0.0014257058501243591,0.0,127.45237731933594,0.0,0.0,left_1,,0.41387659311294556,-0.17104072868824005,0.211200008392334,0.0,0.41132453083992004,0.192239910364151,0.211200008392334,0.0,18,1,1,True,0.035,False,False
pass_diag_2026-09-18,10,10213,1,policy,18,,,,,,,,,,,,,,,0,,0.18018901348114014,0.004732141271233559,0.0,0.0,0.0,0.0,left_1,,0.433120995759964,-0.1817944347858429,0.0,0.0,0.43853533267974854,0.24743367731571198,0.0,0.0,18,1,1,True,0.017553,False,False
pass_diag_2026-09-18,10,10213,2,policy,5,,,,,,,,,,,,,,,0,,0.2666981518268585,0.004732141271233559,0.0,122.99153900146484,0.0,0.0,,,0.4378730058670044,-0.1817944347858429,0.2851199913024902,0.0,0.44328734278678894,0.24743367731571198,0.2851199913024902,0.0,15,0,0,False,-0.00666,False,False
pass_diag_2026-09-18,10,10213,3,policy,18,,,,,,,,,,,,,,,0,,0.3472576141357422,0.004732141271233559,0.0,114.53279876708984,0.0,0.0,,,0.43486952781677246,-0.19103491306304932,-0.19243799209594725,-0.3528179931640625,0.440283864736557,0.23819319903850555,-0.19243799209594725,-0.3528179931640625,15,0,0,False,-0.006658,False,False
pass_diag_2026-09-18,10,10213,4,policy,18,,,,,,,,,,,,,,,15,pass_intercepted,0.4222765862941742,0.004732141271233559,0.0,106.65580749511719,0.0,0.0,,,0.42381516098976135,-0.20559759438037872,-0.36959304809570315,-0.4598067855834961,0.4292294979095459,0.22363051772117615,-0.36959304809570315,-0.4598067855834961,15,0,0,False,-0.105389,True,False
pass_diag_2026-09-18,11,11222,0,forced,5,11,0.1860150247812271,-0.037656642496585846,0.0,0.0,0.0,0.0,left_1,0.487010657787323,-0.17878969013690948,0.4519957900047302,0.20970183610916138,1.0,0.0,5,pass,0.20650985836982727,-0.014135261997580528,0.0,127.45237731933594,0.0,0.0,,,0.4712071716785431,-0.26529213786125183,0.211200008392334,0.0,0.4650154411792755,0.2440035343170166,0.211200008392334,0.0,15,0,0,False,-0.005,False,False
pass_diag_2026-09-18,11,11222,1,policy,18,,,,,,,,,,,,,,,0,,0.289991170167923,-0.014135261997580528,0.0,118.68683624267578,0.0,0.0,,,0.4888951778411865,-0.26529213786125183,0.617760009765625,0.0,0.48270344734191895,0.2440035343170166,0.617760009765625,0.0,15,0,0,False,-0.006341,False,False
pass_diag_2026-09-18,11,11222,2,policy,18,,,,,,,,,,,,,,,0,,0.3677310347557068,-0.014135261997580528,0.0,110.5241470336914,0.0,0.0,,,0.4931682050228119,-0.27453261613845825,-0.005327999591827393,-0.3528179931640625,0.4869764745235443,0.23476305603981018,-0.005327999591827393,-0.3528179931640625,15,0,0,False,-0.00658,False,False
pass_diag_2026-09-18,11,11222,3,policy,18,,,,,,,,,,,,,,,15,pass_intercepted,0.44012436270713806,-0.014135261997580528,0.0,102.9228515625,0.0,0.0,,,0.48620685935020447,-0.28909531235694885,-0.2643436622619629,-0.4598067855834961,0.4800151288509369,0.22020037472248077,-0.2643436622619629,-0.4598067855834961,15,0,0,False,-0.005652,True,False
pass_diag_2026-09-18,12,12231,0,forced,5,11,0.1896323412656784,0.02231365256011486,0.0,0.0,0.0,0.0,left_1,0.46653977036476135,-0.24246490001678467,0.4146997332572937,0.23132909834384918,1.0,0.0,0,,0.2761414647102356,0.02231365256011486,0.0,122.99153900146484,0.0,0.0,,,0.47129178047180176,-0.24246490001678467,0.2851199913024902,0.0,0.4194517433643341,0.23132909834384918,0.2851199913024902,0.0,15,0,0,False,-0.005,False,False
pass_diag_2026-09-18,12,12231,1,policy,18,,,,,,,,,,,,,,,0,,0.35670092701911926,0.02231365256011486,0.0,114.53279876708984,0.0,0.0,,,0.4682883024215698,-0.2517053782939911,-0.19243799209594725,-0.3528179931640625,0.4164482653141022,0.22208863496780396,-0.19243799209594725,-0.3528179931640625,15,0,0,False,-0.006749,False,False
pass_diag_2026-09-18,12,12231,2,policy,18,,,,,,,,,,,,,,,0,,0.40795862674713135,-0.01844651810824871,0.0,-40.210166931152344,4.518584728240967,0.0,,,0.4501250088214874,-0.2745046615600586,-0.4265357208251953,-0.4941960525512695,0.3982849717140198,0.19928933680057526,-0.4265357208251953,-0.4941960525512695,15,0,0,False,-0.005255,True,False
pass_diag_2026-09-18,13,13240,0,forced,5,11,0.1538587361574173,0.023781336843967438,0.0,0.0,0.0,0.0,left_1,0.4095606505870819,-0.2366660237312317,0.458789199590683,0.17784209549427032,0.0,1.0,5,pass,0.1516944319009781,0.052629254758358,0.0,0.0,127.45237731933594,0.0,,,0.4130806624889374,-0.230506032705307,0.211200008392334,0.1584000015258789,0.46230921149253845,0.1840021014213562,0.211200008392334,0.1584000015258789,15,0,0,False,-0.005,False,False
pass_diag_2026-09-18,13,13240,1,policy,18,,,,,,,,,,,,,,,0,,0.1516944319009781,0.1361105591058731,0.0,0.0,118.68683624267578,0.0,,,0.4307686686515808,-0.22704102098941803,0.617760009765625,0.08909999847412109,0.4799971878528595,0.18746709823608398,0.617760009765625,0.08909999847412109,15,0,0,False,-0.006247,False,False
pass_diag_2026-09-18,13,13240,2,policy,8,,,,,,,,,,,,,,,0,,0.1516944319009781,0.21385043859481812,0.0,0.0,110.5241470336914,0.0,,,0.4326059818267822,-0.22173179686069489,-0.06796028614044189,0.2517290306091309,0.4818345308303833,0.19277633726596832,-0.06796028614044189,0.2517290306091309,15,0,0,False,-0.006186,False,False
pass_diag_2026-09-18,13,13240,3,policy,18,,,,,,,,,,,,,,,0,,0.1516944319009781,0.2862437665462494,0.0,0.0,102.9228515625,0.0,,,0.4180513620376587,-0.21622522175312042,-0.5371876525878906,0.14159758567810057,0.46727991104125977,0.19828291237354279,-0.5371876525878906,0.14159758567810057,15,0,0,False,-0.006225,False,False
pass_diag_2026-09-18,13,13240,4,policy,5,,,,,,,,,,,,,,,0,,0.1516944319009781,0.3536582291126251,0.0,0.0,95.84432983398438,0.0,,,0.4027363657951355,-0.21312777698040009,-0.2308880615234375,0.07964863777160644,0.4519649147987366,0.20138035714626312,-0.2308880615234375,0.07964863777160644,15,0,0,False,-0.006247,False,False
pass_diag_2026-09-18,13,13240,5,policy,5,,,,,,,,,,,,,,,10,out_of_bounds,0.1516944319009781,0.3700000047683716,0.0,0.0,0.0,0.0,,,0.38150927424430847,-0.21082542836666107,-0.18650590896606445,0.03360177040100098,0.43073782324790955,0.20368269085884094,-0.18650590896606445,0.03360177040100098,15,0,0,False,-0.005314,False,False
pass_diag_2026-09-18,13,13240,6,policy,5,,,,,,,,,,,,,,,0,,0.1516944319009781,0.3700000047683716,0.0,0.0,0.0,0.0,,,0.38392993807792664,-0.2104054093360901,0.14524057388305664,0.025201327800750732,0.4331584870815277,0.20410272479057312,0.14524057388305664,0.025201327800750732,15,0,0,False,-0.004972,False,False
pass_diag_2026-09-18,13,13240,7,policy,5,,,,,,,,,,,,,,,0,,0.1516944319009781,0.3700000047683716,0.0,0.0,0.0,0.0,,,0.3735752999782562,-0.20967693626880646,-0.02782663345336914,0.010631810426712036,0.4228038489818573,0.20483119785785675,-0.02782663345336914,0.010631810426712036,15,0,0,False,-0.004902,False,False
pass_diag_2026-09-18,13,13240,8,policy,5,,,,,,,,,,,,,,,0,,0.1516944319009781,0.3700000047683716,0.0,0.0,0.0,0.0,,,0.36940258741378784,-0.20944435894489288,0.05562751770019531,0.005980393290519715,0.4186311364173889,0.20506376028060913,0.05562751770019531,0.005980393290519715,15,0,0,False,-0.004926,False,False
pass_diag_2026-09-18,13,13240,9,policy,18,,,,,,,,,,,,,,,0,,0.1516944319009781,0.3700000047683716,0.0,0.0,0.0,0.0,,,0.37484994530677795,-0.20936959981918335,0.3268406295776367,0.0044852948188781735,0.42407849431037903,0.20513851940631866,0.3268406295776367,0.0044852948188781735,15,0,0,False,-0.005092,False,False
pass_diag_2026-09-18,13,13240,10,policy,6,,,,,,,,,,,,,,,0,,0.1516944319009781,0.3700000047683716,0.0,0.0,0.0,0.0,,,0.377043753862381,-0.205911323428154,0.17161813735961914,0.20413326263427733,0.41955193877220154,0.2018764615058899,-0.23160242080688476,-0.19908731460571288,15,0,0,False,-0.004957,False,False
pass_diag_2026-09-18,13,13240,11,policy,5,,,,,,,,,,,,,,,0,,0.1516944319009781,0.3700000047683716,0.0,0.0,0.0,0.0,,,0.3772338926792145,-0.20144590735435486,0.1678152084350586,0.1148249626159668,0.4109216332435608,0.19752143323421478,-0.058996362686157225,-0.11198660850524902,15,0,0,False,-0.004902,False,False
pass_diag_2026-09-18,13,13240,12,policy,5,,,,,,,,,,,,,,,0,,0.1516944319009781,0.3700000047683716,0.0,0.0,0.0,0.0,,,0.36753180623054504,-0.19812674820423126,-0.018302959203720093,0.048441781997680664,0.3946632742881775,0.1942843198776245,-0.11398909568786621,-0.04724435329437256,15,0,0,False,-0.00477,False,False
pass_diag_2026-09-18,13,13240,13,policy,5,,,,,,,,,,,,,,,0,,0.1516944319009781,0.3700000047683716,0.0,0.0,0.0,0.0,,,0.36356744170188904,-0.19706708192825317,0.06098458290100098,0.027248501777648926,0.3886057734489441,0.1932508498430252,0.0071611362695693966,-0.026574947834014893,15,0,0,False,-0.004915,False,False
pass_diag_2026-09-18,13,13240,14,policy,5,,,,,,,,,,,,,,,0,,0.1516944319009781,0.3700000047683716,0.0,0.0,0.0,0.0,,,0.3779694736003876,-0.19647102057933807,0.5332638168334961,0.015327281951904297,0.40183043479919434,0.19266952574253082,0.5029881286621094,-0.014948407411575318,15,0,0,False,-0.005221,False,False
pass_diag_2026-09-18,13,13240,15,policy,2,,,,,,,,,,,,,,,0,,0.1516944319009781,0.3700000047683716,0.0,0.0,0.0,0.0,,,0.3779584467411041,-0.19949591159820557,-0.11548937797546387,-0.19298868179321288,0.40115711092948914,0.18898235261440277,-0.1325194549560547,-0.2100187683105469,15,0,0,False,-0.005032,False,False
pass_diag_2026-09-18,13,13240,16,policy,5,,,,,,,,,,,,,,,0,,0.1516944319009781,0.3700000047683716,0.0,0.0,0.0,0.0,,,0.38126683235168457,-0.20190826058387756,0.19850296020507813,-0.14474151611328126,0.4042526185512543,0.18635711073875427,0.18573040008544922,-0.15751407623291017,15,0,0,False,-0.005081,False,False
pass_diag_2026-09-18,13,13240,17,policy,18,,,,,,,,,,,,,,,0,,0.13348236680030823,0.3476848304271698,0.0,-33.53349685668945,27.43365478515625,0.0,,,0.37254106998443604,-0.2050744891166687,-0.38730209350585937,-0.08141710281372071,0.3952474892139435,0.18291150033473969,-0.39448665618896483,-0.08860166549682617,15,0,0,False,-0.004607,True,False
pass_diag_2026-09-18,14,14249,0,forced,5,11,0.24100053310394287,0.010067868046462536,0.0,0.0,0.0,0.0,left_1,0.42353150248527527,-0.17000803351402283,0.4991125166416168,0.21278250217437744,1.0,0.0,0,,0.32750967144966125,0.010067868046462536,0.0,122.99153900146484,0.0,0.0,,,0.4282835125923157,-0.17000803351402283,0.2851199913024902,0.0,0.5038645267486572,0.21278250217437744,0.2851199913024902,0.0,15,0,0,False,-0.005,False,False
pass_diag_2026-09-18,14,14249,1,policy,18,,,,,,,,,,,,,,,0,,0.4080691337585449,0.010067868046462536,0.0,114.53279876708984,0.0,0.0,,,0.42528003454208374,-0.17924849689006805,-0.19243799209594725,-0.3528179931640625,0.5008610486984253,0.20354203879833221,-0.19243799209594725,-0.3528179931640625,15,0,0,False,-0.006745,False,False
pass_diag_2026-09-18,14,14249,2,policy,18,,,,,,,,,,,,,,,0,,0.4284460246562958,-0.0033906404860317707,0.0,-38.37019729614258,13.923383712768555,0.0,,,0.41422566771507263,-0.19381119310855865,-0.36959304809570315,-0.4598067855834961,0.4898066818714142,0.1889793574810028,-0.36959304809570315,-0.4598067855834961,15,0,0,False,-0.005039,True,False
pass_diag_2026-09-18,15,15258,0,forced,5,11,0.24777133762836456,-0.010780596174299717,0.0,0.0,0.0,0.0,left_1,0.44447004795074463,-0.21604155004024506,0.48257502913475037,0.22062097489833832,1.0,0.0,5,pass,0.29179632663726807,-0.010780596174299717,0.0,127.45237731933594,0.0,0.0,,,0.4479900300502777,-0.21604155004024506,0.211200008392334,0.0,0.48609504103660583,0.22062097489833832,0.211200008392334,0.0,15,0,0,False,-0.005,False,False
pass_diag_2026-09-18,15,15258,1,policy,18,,,,,,,,,,,,,,,0,,0.33428046107292175,-0.010780596174299717,0.0,122.99153900146484,0.0,0.0,,,0.4541500508785248,-0.21604155004024506,0.36959999084472656,0.0,0.4922550320625305,0.22062097489833832,0.36959999084472656,0.0,15,0,0,False,-0.005848,False,False
pass_diag_2026-09-18,15,15258,2,policy,18,,,,,,,,,,,,,,,0,,0.37527763843536377,-0.010780596174299717,0.0,118.68683624267578,0.0,0.0,,,0.46229004859924316,-0.21604155004024506,0.4884000015258789,0.0,0.5003950595855713,0.22062097489833832,0.4884000015258789,0.0,15,0,0,False,-0.005819,False,False
pass_diag_2026-09-18,15,15258,3,policy,17,,,,,,,,,,,,,,,0,,0.4148399233818054,-0.010780596174299717,0.0,114.53279876708984,0.0,0.0,,,0.47191503643989563,-0.21604155004024506,0.5775,0.0,0.5100200176239014,0.22062097489833832,0.5775,0.0,15,0,0,False,-0.00486,False,False
pass_diag_2026-09-18,15,15258,4,policy,17,,,,,,,,,,,,,,,0,,0.45301753282546997,-0.010780596174299717,0.0,110.5241470336914,0.0,0.0,,,0.48265379667282104,-0.21604155004024506,0.6443250274658203,0.0,0.5207588076591492,0.22062097489833832,0.6443250274658203,0.0,15,0,0,False,-0.004887,False,False
pass_diag_2026-09-18,15,15258,5,policy,17,,,,,,,,,,,,,,,0,,0.20096945762634277,0.024634700268507004,0.0,10.190400123596191,0.0,0.0,left_1,,0.4187304675579071,-0.2514260709285736,0.211200008392334,0.0,0.5010231137275696,0.21473641693592072,0.211200008392334,0.0,18,1,1,True,-0.0963,False,False
pass_diag_2026-09-18,15,15258,6,policy,1,,,,,,,,,,,,,,,0,,0.28747859597206116,0.024634700268507004,0.0,122.99153900146484,0.0,0.0,,,0.42445048689842224,-0.2514260709285736,-0.01583999991416931,0.0,0.5067431330680847,0.21473641693592072,-0.01583999991416931,0.0,15,0,0,False,-0.006591,False,False
pass_diag_2026-09-18,15,15258,7,policy,18,,,,,,,,,,,,,,,0,,0.3680380582809448,0.024634700268507004,0.0,114.53279876708984,0.0,0.0,,,0.4148634970188141,-0.26066654920578003,-0.36172798156738284,-0.3528179931640625,0.49715614318847656,0.2054959386587143,-0.36172798156738284,-0.3528179931640625,15,0,0,False,-0.006725,False,False
pass_diag_2026-09-18,15,15258,8,policy,18,,,,,,,,,,,,,,,0,,0.44305703043937683,0.024634700268507004,0.0,106.65580749511719,0.0,0.0,,,0.40010592341423035,-0.27522924542427063,-0.4648186492919922,-0.4598067855834961,0.48239853978157043,0.1909332573413849,-0.4648186492919922,-0.4598067855834961,15,0,0,False,-0.004602,False,False
pass_diag_2026-09-18,15,15258,9,policy,18,,,,,,,,,,,,,,,0,,0.4368433654308319,0.010045544244349003,0.0,-44.9412956237793,-4.969682693481445,0.0,,,0.3830932080745697,-0.29213231801986694,-0.5228071594238282,-0.5199879837036133,0.4653858244419098,0.17403018474578857,-0.5228071594238282,-0.5199879837036133,15,0,0,False,-0.004911,True,False
pass_diag_2026-09-18,16,16267,0,forced,5,11,0.2175150215625763,0.007348806597292423,0.0,0.0,0.0,0.0,left_1,0.41740939021110535,-0.2248583287000656,0.4300089478492737,0.17185667157173157,1.0,0.0,5,pass,0.261540025472641,0.007348806597292423,0.0,127.45237731933594,0.0,0.0,,,0.4209294021129608,-0.2248583287000656,0.211200008392334,0.0,0.43352892994880676,0.17185667157173157,0.211200008392334,0.0,15,0,0,False,-0.005,False,False
pass_diag_2026-09-18,16,16267,1,policy,18,,,,,,,,,,,,,,,0,,0.26589009165763855,0.003250225679948926,0.0,0.0,0.0,0.0,left_1,,0.4143911600112915,-0.2443711906671524,0.0,0.0,0.4218348264694214,0.22580772638320923,0.0,0.0,18,1,1,True,0.028684,False,False
pass_diag_2026-09-18,16,16267,2,policy,5,,,,,,,,,,,,,,,0,,0.35239923000335693,0.003250225679948926,0.0,122.99153900146484,0.0,0.0,,,0.4191431701183319,-0.2443711906671524,0.2851199913024902,0.0,0.4265868365764618,0.22580772638320923,0.2851199913024902,0.0,15,0,0,False,-0.00666,False,False
pass_diag_2026-09-18,16,16267,3,policy,18,,,,,,,,,,,,,,,0,,0.4329586923122406,0.003250225679948926,0.0,114.53279876708984,0.0,0.0,,,0.4161396920681,-0.25361165404319763,-0.19243799209594725,-0.3528179931640625,0.42358335852622986,0.216567263007164,-0.19243799209594725,-0.3528179931640625,15,0,0,False,-0.006658,False,False
pass_diag_2026-09-18,16,16267,4,policy,18,,,,,,,,,,,,,,,0,,0.44778814911842346,0.01188498456031084,0.0,-40.90645980834961,-12.84041690826416,0.0,,,0.4026896357536316,-0.25208908319473267,-0.46106437683105467,0.15435787200927734,0.4101333022117615,0.21808983385562897,-0.46106437683105467,0.15435787200927734,15,0,0,False,-0.005374,True,False
pass_diag_2026-09-18,17,17276,0,forced,5,11,0.17256630957126617,0.018632538616657257,0.0,0.0,0.0,0.0,left_1,0.4905058741569519,-0.19868673384189606,0.49193665385246277,0.2459288090467453,1.0,0.0,5,pass,0.2927871644496918,-0.04108518362045288,0.0,127.45237731933594,0.0,0.0,,,0.4852220416069031,-0.22858932614326477,0.2851199913024902,0.0,0.4798111021518707,0.2259994000196457,0.2851199913024902,0.0,15,0,0,False,-0.005,False,False
pass_diag_2026-09-18,17,17276,1,policy,18,,,,,,,,,,,,,,,0,,0.3762684762477875,-0.04108518362045288,0.0,118.68683624267578,0.0,0.0,,,0.48221856355667114,-0.2378298044204712,-0.19243799209594725,-0.3528179931640625,0.4768076241016388,0.21675893664360046,-0.19243799209594725,-0.3528179931640625,15,0,0,False,-0.006809,False,False
pass_diag_2026-09-18,17,17276,2,policy,18,,,,,,,,,,,,,,,0,,0.4540083408355713,-0.04108518362045288,0.0,110.5241470336914,0.0,0.0,,,0.47116419672966003,-0.2523925006389618,-0.36959304809570315,-0.4598067855834961,0.4657532572746277,0.20219625532627106,-0.36959304809570315,-0.4598067855834961,15,0,0,False,-0.006207,False,False
pass_diag_2026-09-18,17,17276,3,policy,18,,,,,,,,,,,,,,,0,,0.4584196209907532,-0.031519513577222824,0.0,-42.26420593261719,-14.232230186462402,0.0,,,0.45623454451560974,-0.2692955434322357,-0.4692427444458008,-0.5199879837036133,0.4508236050605774,0.18529318273067474,-0.4692427444458008,-0.5199879837036133,15,0,0,False,-0.005099,True,False
pass_diag_2026-09-18,18,18285,0,forced,5,11,0.19489915668964386,-0.049670521169900894,0.0,0.0,0.0,0.0,left_1,0.4647296369075775,-0.19186529517173767,0.45869073271751404,0.1829243153333664,-0.7071067811865476,0.7071067811865476,0,,0.10361892729997635,0.031584352254867554,0.0,-86.96815490722656,86.96815490722656,0.0,,,0.4578454792499542,-0.18022915720939636,0.04990799903869629,0.2352120018005371,0.45180657505989075,0.1945604681968689,0.04990799903869629,0.2352120018005371,15,0,0,False,-0.005,False,False
pass_diag_2026-09-18,18,18285,1,policy,8,,,,,,,,,,,,,,,0,,0.019659144803881645,0.11554413288831711,0.0,-78.15237426757812,78.15237426757812,0.0,,,0.4476119577884674,-0.1590808779001236,-0.39439533233642576,0.46122035980224607,0.44157305359840393,0.21570873260498047,-0.39439533233642576,0.46122035980224607,15,0,0,False,-0.00682,False,False
pass_diag_2026-09-18,18,18285,2,policy,5,,,,,,,,,,,,,,,0,,-0.05578980967402458,0.19099308550357819,0.0,-70.23023986816406,70.23023986816406,0.0,,,0.4326474666595459,-0.13475973904132843,-0.09510553359985352,0.3549573516845703,0.4266085624694824,0.24002988636493683,-0.09510553359985352,0.3549573516845703,15,0,0,False,-0.006628,False,False
pass_diag_2026-09-18,18,18285,3,policy,5,,,,,,,,,,,,,,,0,,-0.12359066307544708,0.2587939500808716,0.0,-63.11114501953125,63.11114501953125,0.0,,,0.42633432149887085,-0.11351025104522705,0.03115735054016113,0.3101276206970215,0.4202954173088074,0.2612793743610382,0.03115735054016113,0.3101276206970215,15,0,0,False,-0.006592,False,False
pass_diag_2026-09-18,18,18285,4,policy,8,,,,,,,,,,,,,,,0,,-0.1845186948776245,0.3197219669818878,0.0,-56.71370315551758,56.71370315551758,0.0,,,0.415558785200119,-0.09019645303487778,-0.40230579376220704,0.4928253936767578,0.4176320731639862,0.2812329828739166,0.08442450523376464,0.2912150955200195,15,0,0,False,-0.006353,False,False
pass_diag_2026-09-18,18,18285,5,policy,5,,,,,,,,,,,,,,,0,,-0.23927056789398193,0.37447383999824524,0.0,-50.96475601196289,50.96475601196289,0.0,,,0.4003656506538391,-0.06496171653270721,-0.0984427547454834,0.36829071044921874,0.4165084660053253,0.30063992738723755,0.10689659118652343,0.2832363700866699,15,0,0,False,-0.006121,False,False
pass_diag_2026-09-18,18,18285,6,policy,5,,,,,,,,,,,,,,,10,out_of_bounds,-0.28847238421440125,0.3700000047683716,0.0,0.0,0.0,0.0,,,0.3939560353755951,-0.043326813727617264,0.029749464988708497,0.3157526397705078,0.41603443026542664,0.3198162317276001,0.11637700080871582,0.2798703384399414,15,0,0,False,-0.005421,False,False
pass_diag_2026-09-18,18,18285,7,policy,5,,,,,,,,,,,,,,,0,,-0.28847238421440125,0.3700000047683716,0.0,0.0,0.0,0.0,,,0.39125198125839233,-0.023210588842630386,0.08383055686950684,0.2935881423950195,0.4158344566822052,0.3388952314853668,0.12037654876708985,0.27845029830932616,15,0,0,False,-0.00479,False,False
pass_diag_2026-09-18,18,18285,8,policy,1,,,,,,,,,,,,,,,0,,-0.28847238421440125,0.3700000047683716,0.0,0.0,0.0,0.0,,,0.39723920822143555,-0.003735056146979332,-0.035913984775543216,0.28423749923706054,0.42287808656692505,0.3579331934452057,-0.02049614429473877,0.2778512191772461,15,0,0,False,-0.004907,False,False
pass_diag_2026-09-18,18,18285,9,policy,5,,,,,,,,,,,,,,,0,,-0.28847238421440125,0.3700000047683716,0.0,0.0,0.0,0.0,,,0.39263707399368286,0.01547018438577652,0.05612878799438477,0.2802927017211914,0.41872161626815796,0.3769538402557373,0.0626331901550293,0.2775984764099121,15,0,0,False,-0.004786,False,False
pass_diag_2026-09-18,18,18285,10,policy,5,,,,,,,,,,,,,,,0,,-0.28847238421440125,0.3700000047683716,0.0,0.0,0.0,0.0,,,0.3990115523338318,0.04287739470601082,0.30879932403564453,0.49246849060058595,0.42528411746025085,0.40428316593170166,0.3115433692932129,0.4913318634033203,15,0,0,False,-0.004867,False,False
pass_diag_2026-09-18,18,18285,11,policy,3,,,,,,,,,,,,,,,0,,-0.28847238421440125,0.3700000047683716,0.0,0.0,0.0,0.0,,,0.40793776512145996,0.07166580855846405,0.130274715423584,0.2968601417541504,0.4342896640300751,0.43303871154785156,0.1314323616027832,0.2963806343078613,15,0,0,False,-0.0049,False,False
pass_diag_2026-09-18,18,18285,12,policy,1,,,,,,,,,,,,,,,0,,-0.28847238421440125,0.3700000047683716,0.0,0.0,0.0,0.0,,,0.409566193819046,0.15445175766944885,7.01032503938213e-17,1.1448729705810547,0.43593257665634155,0.5158186554908752,7.01032503938213e-17,1.1448729705810547,15,0,0,False,-0.004421,False,False
pass_diag_2026-09-18,18,18285,13,policy,3,,,,,,,,,,,,,,,0,,-0.28847238421440125,0.3700000047683716,0.0,0.0,0.0,0.0,,,0.409566193819046,0.20510093867778778,4.777340361413612e-17,0.7801988983154297,0.43593257665634155,0.5664678812026978,4.777340361413612e-17,0.7801988983154297,15,0,0,False,-0.004768,False,False
pass_diag_2026-09-18,18,18285,14,policy,3,,,,,,,,,,,,,,,0,,-0.28847238421440125,0.3700000047683716,0.0,0.0,0.0,0.0,,,0.409566193819046,0.23961694538593292,3.2556236488146333e-17,0.5316836929321289,0.43593257665634155,0.6009838581085205,3.2556236488146333e-17,0.5316836929321289,15,0,0,False,-0.00491,False,False
pass_diag_2026-09-18,18,18285,15,policy,5,,,,,,,,,,,,,,,0,,-0.28847238421440125,0.3700000047683716,0.0,0.0,0.0,0.0,,,0.409566193819046,0.26313862204551697,2.218616246326007e-17,0.3623275375366211,0.43593257665634155,0.6245055198669434,2.218616246326007e-17,0.3623275375366211,15,0,0,False,-0.004971,False,False
pass_diag_2026-09-18,18,18285,16,policy,5,,,,,,,,,,,,,,,0,,-0.28847238421440125,0.3700000047683716,0.0,0.0,0.0,0.0,,,0.409566193819046,0.2791680097579956,1.511924905849601e-17,0.24691606521606446,0.43593257665634155,0.6405349373817444,1.511924905849601e-17,0.24691606521606446,15,0,0,False,-0.004996,False,False
pass_diag_2026-09-18,18,18285,17,policy,5,,,,,,,,,,,,,,,0,,-0.28847238421440125,0.3700000047683716,0.0,0.0,0.0,0.0,,,0.409566193819046,0.2900915741920471,1.0303344769301567e-17,0.1682663917541504,0.43593257665634155,0.6514585018157959,1.0303344769301567e-17,0.1682663917541504,15,0,0,False,-0.005004,False,False
pass_diag_2026-09-18,18,18285,18,policy,5,,,,,,,,,,,,,,,0,,-0.31715160608291626,0.3561655879020691,0.0,-45.81675338745117,7.303288459777832,0.0,,,0.409566193819046,0.29753565788269043,7.021440970386304e-18,0.11466883659362793,0.43593257665634155,0.6589025855064392,7.021440970386304e-18,0.11466883659362793,15,0,0,False,-0.005597,True,False
pass_diag_2026-09-18,19,19294,0,forced,5,11,0.17659232020378113,0.03806228190660477,0.0,0.0,0.0,0.0,left_1,0.40296855568885803,-0.23980426788330078,0.45986703038215637,0.2152642458677292,1.0,0.0,5,pass,0.2228219360113144,0.029704932123422623,0.0,127.45237731933594,0.0,0.0,,,0.4275360405445099,-0.21529176831245422,0.211200008392334,0.0,0.47732827067375183,0.22903913259506226,0.211200008392334,0.0,15,0,0,False,-0.005,False,False
pass_diag_2026-09-18,19,19294,1,policy,18,,,,,,,,,,,,,,,0,,0.3063032329082489,0.029704932123422623,0.0,118.68683624267578,0.0,0.0,,,0.4321560561656952,-0.20561176538467407,0.11880000114440918,0.36959999084472656,0.48194825649261475,0.2387191355228424,0.11880000114440918,0.36959999084472656,15,0,0,False,-0.006298,False,False
pass_diag_2026-09-18,19,19294,2,policy,17,,,,,,,,,,,,,,,0,,0.42088451981544495,0.029704932123422623,0.0,106.65580749511719,0.0,0.0,,,0.42298945784568787,-0.18232737481594086,-0.2952322006225586,0.5012759399414063,0.4727816879749298,0.2620035409927368,-0.2952322006225586,0.5012759399414063,15,0,0,False,-0.006431,False,False
pass_diag_2026-09-18,19,19294,3,policy,5,,,,,,,,,,,,,,,15,pass_intercepted,0.49074405431747437,0.029704932123422623,0.0,99.32054901123047,0.0,0.0,,,0.4156954884529114,-0.16700617969036102,-0.06687382698059081,0.39397342681884767,0.4654877185821533,0.27732470631599426,-0.06687382698059081,0.39397342681884767,15,0,0,False,-0.00497,True,False
