checkpoint_label,seed,source,cell,count,reward_mean,reward_std,reward_median,value_mean,value_std,value_median,logprob_mean,logprob_std,logprob_median,advantage_mean,advantage_std,advantage_median,fraction_negative
fresh,42,probe_force,PASS_fail,18,-0.001605941369893989,0.007898224280228338,-0.005,-0.6234055691295199,0.00047735232924203127,-0.6234447360038757,-2.4940587414635553,0.0010353410646189662,-2.494050145149231,0.14065011999466354,0.16072147679944288,0.02643529698252678,0.0
fresh,42,probe_force,PASS_complete,2,-0.005,0.0,-0.005,-0.6229318678379059,0.0006978809833526611,-0.6229318678379059,-2.4947983026504517,0.00219118595123291,-2.4947983026504517,0.23865406960248947,0.007411472499370575,0.23865406960248947,0.0
fresh,42,probe_force,SHOT_event,8,0.145,0.0,0.145,-0.6230284124612808,0.000519062721409057,-0.6230368614196777,-3.3229642510414124,0.001515443257049375,-3.322707176208496,0.1296752616763115,0.06025580583872241,0.09074138104915619,0.0
fresh,42,probe_force,SHOT_fail,12,0.032499999999999994,0.06495190528383288,-0.005,-0.6235780566930771,0.000395182066603635,-0.6236934065818787,-3.32297952969869,0.0011570211944760495,-3.3229395151138306,0.13847361442943415,0.3160160247750602,0.11316747218370438,0.4166666666666667
fresh,42,pure_pi,OTHER,856,-0.03827603940099447,0.17277416231733062,-0.005223753372757914,-0.5808981598885817,0.11878369850782797,-0.6209676861763,-1.5963941940637392,0.41206725209201533,-1.6561562418937683,0.07169285066976325,0.16354430999603622,0.062377072870731354,0.30490654205607476
fresh,42,pure_pi,MOVE_safe,2856,-0.004325243597632058,0.01321066378720282,-0.005165651590428514,-0.7238892993631483,0.1124182919271163,-0.7162558734416962,-1.8474231727149975,0.21924567244118215,-1.797166109085083,0.05010976415549888,0.17172624958474764,0.015483626164495945,0.4114145658263305
fresh,42,pure_pi,PASS_fail,6,-0.0012210624205596207,0.006435129064718409,-0.0057342156421317375,-0.6282569865385691,0.0206804439643411,-0.6271790862083435,-2.3395982583363852,0.12031123307391468,-2.4123926162719727,0.10214311241482694,0.07541432738258676,0.08835668489336967,0.16666666666666666
fresh,42,pure_pi,PASS_complete,2,-0.005737129225237414,0.0,-0.005737129225237414,-0.6392184495925903,0.0007392764091491699,-0.6392184495925903,-2.4016547203063965,0.0019030570983886719,-2.4016547203063965,0.13642407953739166,0.004373326897621155,0.13642407953739166,0.0
mixscript,42,probe_force,PASS_fail,20,-0.001828154188755642,0.00774385042892022,-0.005,-0.5874741792678833,0.0017825411602177131,-0.5879254341125488,-2.4604249715805055,0.0007911793832941048,-2.4604437351226807,0.018332121428102255,0.08020636556442348,-0.01442937832325697,0.85
mixscript,42,probe_force,SHOT_event,8,0.145,0.0,0.145,-0.586654543876648,0.002161511276726744,-0.5876957774162292,-3.709753602743149,0.0007362847479338389,-3.7100692987442017,0.07977244630455971,0.03163359779787457,0.07690490037202835,0.0
mixscript,42,probe_force,SHOT_fail,12,0.032499999999999994,0.06495190528383288,-0.005,-0.5880206028620402,0.0011977287337056892,-0.588230162858963,-3.7094810605049133,0.0008302190027768923,-3.7095179557800293,0.11506383369366328,0.3058510015923062,0.0567011833190918,0.3333333333333333
mixscript,42,pure_pi,OTHER,1967,-0.021363982555980286,0.11506933885520075,-0.0051407572205934325,-0.6783859101599948,0.10798323014072402,-0.6457193493843079,-1.9938909266282292,0.19918091014300165,-2.0155205726623535,0.03396534678709635,0.10674064083245945,0.02736971527338028,0.3284189120488053
mixscript,42,pure_pi,MOVE_safe,1925,-0.0035505387828863116,0.011678536079407812,-0.0050684638208867185,-0.7099670893186099,0.10322524632957158,-0.6867703199386597,-1.9835215159824917,0.18148035360408382,-2.019747495651245,0.05311601492536992,0.17551061449642882,0.0216992050409317,0.30857142857142855
fresh,123,probe_force,PASS_fail,18,-0.0014331677726774654,0.008173217659619009,-0.005,-0.6043890019257864,0.0006638841688935954,-0.6046082973480225,-2.20638018184238,0.0007094078417885678,-2.206428289413452,0.11779378499421808,0.10332476323870994,0.06726257875561714,0.0
fresh,123,probe_force,PASS_complete,2,-0.005,0.0,-0.005,-0.6039473116397858,0.0006624758243560791,-0.6039473116397858,-2.206366539001465,0.0007753372192382812,-2.206366539001465,0.2204456552863121,0.001216001808643341,0.2204456552863121,0.0
fresh,123,probe_force,SHOT_event,8,0.145,0.0,0.145,-0.6039589941501617,0.0006794160214542603,-0.6039574444293976,-3.1504460871219635,0.0011390418543290692,-3.1508283615112305,0.10835595056414604,0.03742149824103106,0.10863996297121048,0.0
fresh,123,probe_force,SHOT_fail,12,0.032499999999999994,0.06495190528383288,-0.005,-0.604602058728536,0.0005388620351504064,-0.6046957969665527,-3.1499401926994324,0.0017123025137434113,-3.1498645544052124,0.10937331803143024,0.3011343512476591,0.004396103322505951,0.5
fresh,123,pure_pi,PASS_fail,30,-0.0020174443563691644,0.008523388132263979,-0.005,-0.6046241680781047,0.01692190041470868,-0.6046957969665527,-2.187175154685974,0.09079801735805867,-2.2062160968780518,0.07344190776348114,0.10627061728666518,0.024541443213820457,0.2
fresh,123,pure_pi,OTHER,3049,-0.013939032645164207,0.09280550418035985,-0.005086247666402444,-0.6845813413923707,0.08990681950082503,-0.6843679547309875,-1.8183391371020414,0.22671833631197613,-1.8186259269714355,0.059705469698824475,0.15863708037339802,0.027063559740781784,0.3089537553296163
fresh,123,pure_pi,MOVE_safe,805,0.00046710202291206607,0.010858852651446989,-0.0050360465497457365,-0.6222253988988651,0.04683426075252252,-0.6213204264640808,-2.118936210093291,0.1326963387006916,-2.138223648071289,0.07091263002276374,0.12957981260059215,0.045792222023010254,0.22981366459627328
fresh,123,pure_pi,PASS_complete,2,-0.005,0.0,-0.005,-0.6039473116397858,0.0006624758243560791,-0.6039473116397858,-2.206366539001465,0.0007753372192382812,-2.206366539001465,0.2204456552863121,0.001216001808643341,0.2204456552863121,0.0
mixscript,123,probe_force,PASS_fail,17,-0.0017990015943246795,0.007022624106032639,-0.005,-0.46693697922370014,0.0004556800584159835,-0.4670478105545044,-2.1981946861042694,0.00043013989551248427,-2.198159694671631,0.053094239138505035,0.09593836739157778,0.07888085395097733,0.47058823529411764
mixscript,123,probe_force,PASS_complete,3,-0.005,0.0,-0.005,-0.46685895323753357,0.0007090542976471031,-0.467232346534729,-2.1982504526774087,0.00017886863860711716,-2.198232412338257,0.07479955380161603,0.08231871123353388,0.07402221858501434,0.3333333333333333
mixscript,123,probe_force,SHOT_event,8,0.145,0.0,0.145,-0.4666494354605675,0.0005731705677813826,-0.4667510837316513,-3.560117483139038,0.0010722973003019234,-3.5602738857269287,0.050590026658028364,0.01111288386164232,0.04514339007437229,0.0
mixscript,123,probe_force,SHOT_fail,12,0.032499999999999994,0.06495190528383288,-0.005,-0.46710916856924695,0.00034291084214129044,-0.46712565422058105,-3.5603343645731607,0.0011166858083585837,-3.560579538345337,0.08209452964365482,0.28268311071935054,0.06596539169549942,0.4166666666666667
mixscript,123,pure_pi,PASS_fail,28,-0.0032664406199110975,0.00576857774265022,-0.005,-0.49104610830545425,0.0346098652006328,-0.4672723859548569,-2.21371762241636,0.05298887849099288,-2.198063850402832,0.03880251691277538,0.08324294395330181,0.03482888266444206,0.39285714285714285
mixscript,123,pure_pi,MOVE_safe,2923,-0.0005100580594169401,0.013320144905085811,-0.005002313987252174,-0.5743803726537889,0.07356260172479939,-0.5583659410476685,-1.9427254275022774,0.25640345857063135,-1.9988571405410767,0.05931839360060566,0.1641130189986528,0.036745667457580566,0.3616147793362983
mixscript,123,pure_pi,OTHER,764,-0.0466459581764853,0.18018131605775234,-0.005248147514126515,-0.6406116523043648,0.06429367047870135,-0.6390874683856964,-2.101787408921107,0.122286419393723,-2.1018571853637695,0.0012145406743011764,0.13513239887963027,0.009846934117376804,0.4410994764397906
mixscript,123,pure_pi,PASS_complete,3,-0.005,0.0,-0.005,-0.46685895323753357,0.0007090542976471031,-0.467232346534729,-2.1982504526774087,0.00017886863860711716,-2.198232412338257,0.07479955380161603,0.08231871123353388,0.07402221858501434,0.3333333333333333
fresh,7,probe_force,PASS_fail,20,-0.001859632947190304,0.007697105678748426,-0.005,-0.47411233484745025,0.0002841590465211286,-0.4741440713405609,-3.3203905701637266,0.0010194009783214132,-3.3204437494277954,0.11535518616437912,0.07536233592088239,0.12168184667825699,0.0
fresh,7,probe_force,SHOT_event,8,0.145,0.0,0.145,-0.4739140719175339,0.00030173367850897166,-0.47405970096588135,-3.6611545979976654,0.0010921450125370529,-3.6613434553146362,0.04402853758074343,0.02249823597265082,0.03472469747066498,0.0
fresh,7,probe_force,SHOT_fail,12,0.032499999999999994,0.06495190528383288,-0.005,-0.47424451013406116,0.0001737988254426939,-0.4742709994316101,-3.661763330300649,0.0007656851021994466,-3.6617860794067383,0.13460420444607735,0.27727298486434027,0.1040874645113945,0.25
fresh,7,pure_pi,MOVE_safe,3638,0.000458726449706524,0.013631641999740098,-0.004990284246354383,-0.5819930423413613,0.07926038819387288,-0.5504148900508881,-1.500297725200653,0.36745275592579735,-1.576263427734375,0.0605527398044748,0.1598226070885026,0.030004234984517097,0.32930181418361737
fresh,7,pure_pi,OTHER,73,-0.44337501497571824,0.4025716800632449,-0.5025766059240073,-0.6037770436234671,0.09230206670291942,-0.5530566573143005,-1.5334433839745718,0.39062923580991193,-1.5434951782226562,0.07264070174567504,0.3203198617704027,0.048816293478012085,0.1506849315068493
mixscript,7,probe_force,PASS_fail,20,-0.0018155093463844614,0.00777285362025927,-0.005,-0.49490149319171906,0.000478921038253727,-0.4950670003890991,-3.3318007707595827,0.0008431208692265863,-3.3316197395324707,-0.010492132790386677,0.09817561780001068,-0.04586019739508629,0.85
mixscript,7,probe_force,SHOT_event,8,0.145,0.0,0.145,-0.4946521855890751,0.0005217026966309947,-0.4947449117898941,-3.013938784599304,0.000940178387085493,-3.0137218236923218,0.08165150135755539,0.057905006065032884,0.07717904448509216,0.0
mixscript,7,probe_force,SHOT_fail,12,0.032499999999999994,0.06495190528383288,-0.005,-0.49506769826014835,0.0003629960795376427,-0.49509164690971375,-3.014177620410919,0.0009283858753894413,-3.0142364501953125,0.1283962478240331,0.2766702588538318,0.08908569812774658,0.25
mixscript,7,pure_pi,OTHER,1975,-0.020159537486509508,0.11160396025802606,-0.005,-0.562132615333871,0.04910772018714426,-0.5742047429084778,-1.8807304530204096,0.16051700429248122,-1.8263580799102783,0.018971337507467104,0.1525661287766101,0.015436708927154541,0.23139240506329115
mixscript,7,pure_pi,MOVE_safe,3488,-0.0028528883304585616,0.011966499693243673,-0.005,-0.6004909495865807,0.08645352697420267,-0.573922872543335,-1.8671132592706505,0.22253039097071786,-1.865061342716217,0.03144213485649635,0.09928886680513224,0.012419678270816803,0.27379587155963303
fresh,999,probe_force,PASS_fail,20,-0.0018931228710015457,0.007614778859906268,-0.005,-0.4448271244764328,0.00042219141748337045,-0.4449368268251419,-2.710649240016937,0.0010974091038898587,-2.7105751037597656,-0.036121546663343905,0.09063545521946088,-0.06869999691843987,0.8
fresh,999,probe_force,SHOT_event,8,0.145,0.0,0.145,-0.4445936121046543,0.00045846301189955853,-0.4446651041507721,-3.6576161980628967,0.000928500928850077,-3.65750253200531,0.04248742386698723,0.021041702423322595,0.03374172933399677,0.0
fresh,999,probe_force,SHOT_fail,12,0.032499999999999994,0.06495190528383288,-0.005,-0.4449827993909518,0.0003104250880348549,-0.445055291056633,-3.657775402069092,0.0004689322030900483,-3.6577872037887573,0.058592039781312145,0.27727030151893806,0.0027564410120248795,0.5
fresh,999,pure_pi,OTHER,1814,-0.01836782055588364,0.12040931188886636,-0.004882602725681309,-0.535491294756351,0.060912281620258836,-0.5405083894729614,-2.0111187281130167,0.17785773713187633,-2.0212844610214233,0.019840717018378362,0.1187327235804633,0.01639801263809204,0.41069459757442117
fresh,999,pure_pi,MOVE_safe,2112,-0.005087827909481963,0.008402428363368887,-0.005064707165069072,-0.6174169994580249,0.07458183627689621,-0.6107264459133148,-1.8208375595171342,0.2879499602749183,-1.7737426161766052,0.017961729252319994,0.1675099574365567,0.006854539271444082,0.4464962121212121
mixscript,999,probe_force,PASS_fail,16,-0.0019299836963545978,0.006463746086307805,-0.005,-0.5749319791793823,0.0006728455227607334,-0.5749812126159668,-2.759316712617874,0.000987086361292432,-2.759413719177246,0.027627889066934586,0.09869938382082115,-0.04229730926454067,0.625
mixscript,999,probe_force,PASS_complete,4,-0.005,0.0,-0.005,-0.5747968703508377,0.0007012796042721535,-0.574985533952713,-2.7587918043136597,0.000805686343731722,-2.7584975957870483,0.1382826678454876,0.025514029358848674,0.12783250212669373,0.0
mixscript,999,probe_force,SHOT_event,8,0.145,0.0,0.145,-0.5745987892150879,0.0007817791681002126,-0.5750211775302887,-3.8895700871944427,0.001632253859286395,-3.889085292816162,0.07536841742694378,0.03484549894819588,0.055462900549173355,0.0
mixscript,999,probe_force,SHOT_fail,12,0.032499999999999994,0.06495190528383288,-0.005,-0.5751090695460638,0.0005107055365007043,-0.5749782621860504,-3.889636993408203,0.0008743844418762556,-3.8895260095596313,0.09243807879587014,0.30485692402825376,0.05012907087802887,0.4166666666666667
mixscript,999,pure_pi,MOVE_safe,3253,-0.0026394581918806974,0.009263764052683001,-0.0050741946653603525,-0.711508956774176,0.08904374626040062,-0.6945285201072693,-1.7827163385018325,0.23295843249306147,-1.7818138599395752,0.057825762452965654,0.10691645795619882,0.03050551749765873,0.3203197048877959
mixscript,999,pure_pi,OTHER,578,-0.06128840663402885,0.20526187641533022,-0.005371222521309431,-0.6527001410207122,0.060808788675207864,-0.6472424268722534,-2.026914093939903,0.23553690095340882,-1.9897196292877197,0.09400468068978843,0.3048179745278891,0.017161821015179157,0.35986159169550175
mixscript,999,pure_pi,PASS_fail,1,-0.005166102151431468,0.0,-0.005166102151431468,-0.6285504102706909,0.0,-0.6285504102706909,-2.412092924118042,0.0,-2.412092924118042,0.11486479640007019,0.0,0.11486479640007019,0.0
