schema_version,evaluation_id,checkpoint_sha256,scenario,algorithm,step,env_version,observation_schema_version,action_schema_version,learning_rate,goal_rate_pct,mean_reward,std_reward,shots_per_ep,non_scoring_episode_rate_pct,turnovers_conceded_per_ep,episodes,deterministic,checkpoint_path,provenance,env_hash
3.2.0,7fb7254b9b16ae5f,e97de5ec59bbfb44983841defbba97a6dca37f85ecf99880f003791f8bdc6d66,academy_3_vs_1_with_keeper,MAPPO,25088,3.1.0,simple115_v3_role,discrete19_v1,0.000298326,2.00,0.0633,0.2103,0.00,98.00,0.22,50,True,C:\Users\USER\Documents\Project\GMN-Football-3-main\training\models\mappo_academy_3_vs_1_with_keeper_seed42_shaped_temp.pt,host=DESKTOP-JFT7577|user=USER|date=2026-09-07T22:56:11.475409|cmd=training/train_mappo_shaped.py --scenario academy_3_vs_1_with_keeper --seed 42 --total-steps 500000 --enable-reward-shaping --log-dir training/runs/mappo_shaped_seed42,34187f24abd7
3.2.0,628eba5b0378f095,713913c5146034804d9be66d920b40ffbe63c01cafdad4dc19e236b0b50e17b7,academy_3_vs_1_with_keeper,MAPPO,50176,3.1.0,simple115_v3_role,discrete19_v1,0.000293346,0.00,0.0205,0.0603,0.00,100.00,0.28,50,True,C:\Users\USER\Documents\Project\GMN-Football-3-main\training\models\mappo_academy_3_vs_1_with_keeper_seed42_shaped_temp.pt,host=DESKTOP-JFT7577|user=USER|date=2026-09-07T22:58:07.422231|cmd=training/train_mappo_shaped.py --scenario academy_3_vs_1_with_keeper --seed 42 --total-steps 500000 --enable-reward-shaping --log-dir training/runs/mappo_shaped_seed42,34187f24abd7
3.2.0,bd7523c21e1ba2ac,a6ae6651d8e8367adcbe2965420c76350913cb023d24cd7364b4ccdb8603cbaf,academy_3_vs_1_with_keeper,MAPPO,50176,3.1.0,simple115_v3_role,discrete19_v1,0.000293346,0.00,0.0316,0.0754,0.00,100.00,0.27,30,True,C:\Users\USER\Documents\Project\GMN-Football-3-main\training\models\mappo_academy_3_vs_1_with_keeper_seed42_shaped_50176.pt,host=DESKTOP-JFT7577|user=USER|date=2026-09-07T22:58:12.676452|cmd=training/train_mappo_shaped.py --scenario academy_3_vs_1_with_keeper --seed 42 --total-steps 500000 --enable-reward-shaping --log-dir training/runs/mappo_shaped_seed42,34187f24abd7
3.2.0,e50cd587a7aabeea,baa58f9ed85ed34088799af7307592e04cab832db4bb7bf6ac2dee8acf47877d,academy_3_vs_1_with_keeper,MAPPO,75264,3.1.0,simple115_v3_role,discrete19_v1,0.000285182,4.00,0.1964,0.3075,1.38,96.00,0.38,50,True,C:\Users\USER\Documents\Project\GMN-Football-3-main\training\models\mappo_academy_3_vs_1_with_keeper_seed42_shaped_temp.pt,host=DESKTOP-JFT7577|user=USER|date=2026-09-07T23:01:10.827677|cmd=training/train_mappo_shaped.py --scenario academy_3_vs_1_with_keeper --seed 42 --total-steps 500000 --enable-reward-shaping --log-dir training/runs/mappo_shaped_seed42,34187f24abd7
3.2.0,d1cb76070935f2a9,b35427b148111914fd83299c3ae677162b61b2db509f9dc29dc8dc025a3765eb,academy_3_vs_1_with_keeper,MAPPO,100352,3.1.0,simple115_v3_role,discrete19_v1,0.000274038,0.00,0.2453,0.1766,2.66,100.00,0.66,50,True,C:\Users\USER\Documents\Project\GMN-Football-3-main\training\models\mappo_academy_3_vs_1_with_keeper_seed42_shaped_temp.pt,host=DESKTOP-JFT7577|user=USER|date=2026-09-07T23:04:20.549725|cmd=training/train_mappo_shaped.py --scenario academy_3_vs_1_with_keeper --seed 42 --total-steps 500000 --enable-reward-shaping --log-dir training/runs/mappo_shaped_seed42,34187f24abd7
3.2.0,47022a3ce0de1840,cfa4ca56d0e233983c33acec1371ff11071a609443288ae13eca5c6533c59acc,academy_3_vs_1_with_keeper,MAPPO,100352,3.1.0,simple115_v3_role,discrete19_v1,0.000274038,0.00,0.2363,0.1803,2.43,100.00,0.63,30,True,C:\Users\USER\Documents\Project\GMN-Football-3-main\training\models\mappo_academy_3_vs_1_with_keeper_seed42_shaped_100352.pt,host=DESKTOP-JFT7577|user=USER|date=2026-09-07T23:04:23.740351|cmd=training/train_mappo_shaped.py --scenario academy_3_vs_1_with_keeper --seed 42 --total-steps 500000 --enable-reward-shaping --log-dir training/runs/mappo_shaped_seed42,34187f24abd7
3.2.0,207fd783b5581a05,c9474d6a1541afc245ed1fdcbf7e05658e41ed6660f1a5ce208621ef0f1814cb,academy_3_vs_1_with_keeper,MAPPO,125440,3.1.0,simple115_v3_role,discrete19_v1,0.00026019,0.00,0.1742,0.1982,4.92,100.00,0.44,50,True,C:\Users\USER\Documents\Project\GMN-Football-3-main\training\models\mappo_academy_3_vs_1_with_keeper_seed42_shaped_temp.pt,host=DESKTOP-JFT7577|user=USER|date=2026-09-07T23:07:55.007410|cmd=training/train_mappo_shaped.py --scenario academy_3_vs_1_with_keeper --seed 42 --total-steps 500000 --enable-reward-shaping --log-dir training/runs/mappo_shaped_seed42,34187f24abd7
3.2.0,a5804eac833ef6e2,b38855ba8b075d7aaf7d88363c45fdbe188a036e1bb9a9733215e3fd44efacae,academy_3_vs_1_with_keeper,MAPPO,150528,3.1.0,simple115_v3_role,discrete19_v1,0.000243982,0.00,0.2728,0.1710,22.14,100.00,0.72,50,True,C:\Users\USER\Documents\Project\GMN-Football-3-main\training\models\mappo_academy_3_vs_1_with_keeper_seed42_shaped_temp.pt,host=DESKTOP-JFT7577|user=USER|date=2026-09-07T23:10:23.607246|cmd=training/train_mappo_shaped.py --scenario academy_3_vs_1_with_keeper --seed 42 --total-steps 500000 --enable-reward-shaping --log-dir training/runs/mappo_shaped_seed42,34187f24abd7
3.2.0,a344b4850e2cbea0,a0b85c70df27aacc8debcd228a6e5e61d767f3a7e07875ffaf0ca8b6f8e81904,academy_3_vs_1_with_keeper,MAPPO,150528,3.1.0,simple115_v3_role,discrete19_v1,0.000243982,0.00,0.2680,0.1761,23.93,100.00,0.70,30,True,C:\Users\USER\Documents\Project\GMN-Football-3-main\training\models\mappo_academy_3_vs_1_with_keeper_seed42_shaped_150528.pt,host=DESKTOP-JFT7577|user=USER|date=2026-09-07T23:10:25.090736|cmd=training/train_mappo_shaped.py --scenario academy_3_vs_1_with_keeper --seed 42 --total-steps 500000 --enable-reward-shaping --log-dir training/runs/mappo_shaped_seed42,34187f24abd7
3.2.0,f7c003e95172278d,3beade8571c454b691aae0efd74f68772165da228c1acf2515eb90b03790bc99,academy_3_vs_1_with_keeper,MAPPO,175616,3.1.0,simple115_v3_role,discrete19_v1,0.000225814,0.00,0.2535,0.1826,25.72,100.00,0.66,50,True,C:\Users\USER\Documents\Project\GMN-Football-3-main\training\models\mappo_academy_3_vs_1_with_keeper_seed42_shaped_temp.pt,host=DESKTOP-JFT7577|user=USER|date=2026-09-07T23:12:52.801516|cmd=training/train_mappo_shaped.py --scenario academy_3_vs_1_with_keeper --seed 42 --total-steps 500000 --enable-reward-shaping --log-dir training/runs/mappo_shaped_seed42,34187f24abd7
3.2.0,3137016b0de9719c,a2ce4813166307499e19df5b5176beaeeb74e87c8be8754345f7eaee70d67773,academy_3_vs_1_with_keeper,MAPPO,200704,3.1.0,simple115_v3_role,discrete19_v1,0.000206139,0.00,0.2472,0.1826,8.68,100.00,0.66,50,True,C:\Users\USER\Documents\Project\GMN-Football-3-main\training\models\mappo_academy_3_vs_1_with_keeper_seed42_shaped_temp.pt,host=DESKTOP-JFT7577|user=USER|date=2026-09-07T23:15:02.604546|cmd=training/train_mappo_shaped.py --scenario academy_3_vs_1_with_keeper --seed 42 --total-steps 500000 --enable-reward-shaping --log-dir training/runs/mappo_shaped_seed42,34187f24abd7
3.2.0,843decec175b77ca,1f6966612a8f9c4a795a34eb64f0af604f95d4eb541a8149f0bb8be742f48885,academy_3_vs_1_with_keeper,MAPPO,200704,3.1.0,simple115_v3_role,discrete19_v1,0.000206139,0.00,0.2339,0.1859,8.73,100.00,0.63,30,True,C:\Users\USER\Documents\Project\GMN-Football-3-main\training\models\mappo_academy_3_vs_1_with_keeper_seed42_shaped_200704.pt,host=DESKTOP-JFT7577|user=USER|date=2026-09-07T23:15:04.312903|cmd=training/train_mappo_shaped.py --scenario academy_3_vs_1_with_keeper --seed 42 --total-steps 500000 --enable-reward-shaping --log-dir training/runs/mappo_shaped_seed42,34187f24abd7
3.2.0,4ec7c05746c923de,e913c20dd14f2a222b5bc5682d2e01d09589c2730cff253003b37030bddf7ad9,academy_3_vs_1_with_keeper,MAPPO,225792,3.1.0,simple115_v3_role,discrete19_v1,0.000185443,0.00,0.2392,0.1800,15.38,100.00,0.66,50,True,C:\Users\USER\Documents\Project\GMN-Football-3-main\training\models\mappo_academy_3_vs_1_with_keeper_seed42_shaped_temp.pt,host=DESKTOP-JFT7577|user=USER|date=2026-09-07T23:17:22.928575|cmd=training/train_mappo_shaped.py --scenario academy_3_vs_1_with_keeper --seed 42 --total-steps 500000 --enable-reward-shaping --log-dir training/runs/mappo_shaped_seed42,34187f24abd7
3.2.0,ff71c3a82c5ee2b4,13cc71b64a0a2d62050a18da23a33bdf9ba0a33a6411af76b88988bf12b71e00,academy_3_vs_1_with_keeper,MAPPO,250880,3.1.0,simple115_v3_role,discrete19_v1,0.00016424,18.00,0.3116,0.5251,20.00,82.00,0.24,50,True,C:\Users\USER\Documents\Project\GMN-Football-3-main\training\models\mappo_academy_3_vs_1_with_keeper_seed42_shaped_temp.pt,host=DESKTOP-JFT7577|user=USER|date=2026-09-07T23:19:49.275655|cmd=training/train_mappo_shaped.py --scenario academy_3_vs_1_with_keeper --seed 42 --total-steps 500000 --enable-reward-shaping --log-dir training/runs/mappo_shaped_seed42,34187f24abd7
3.2.0,94a31784b4fe5adf,60439cf12448438fabc247cd0f991ff3ac430d78edbbf6beb2758909f13e0834,academy_3_vs_1_with_keeper,MAPPO,250880,3.1.0,simple115_v3_role,discrete19_v1,0.00016424,20.00,0.3209,0.5497,18.73,80.00,0.20,30,True,C:\Users\USER\Documents\Project\GMN-Football-3-main\training\models\mappo_academy_3_vs_1_with_keeper_seed42_shaped_250880.pt,host=DESKTOP-JFT7577|user=USER|date=2026-09-07T23:19:52.891150|cmd=training/train_mappo_shaped.py --scenario academy_3_vs_1_with_keeper --seed 42 --total-steps 500000 --enable-reward-shaping --log-dir training/runs/mappo_shaped_seed42,34187f24abd7
3.2.0,4e8d94da95bcd57b,577c67d865208c3be2fc3d2b41957a45be388889a964818d2e934376e59f255d,academy_3_vs_1_with_keeper,MAPPO,275968,3.1.0,simple115_v3_role,discrete19_v1,0.000143056,20.00,0.3683,0.5438,27.52,80.00,0.22,50,True,C:\Users\USER\Documents\Project\GMN-Football-3-main\training\models\mappo_academy_3_vs_1_with_keeper_seed42_shaped_temp.pt,host=DESKTOP-JFT7577|user=USER|date=2026-09-07T23:22:00.161323|cmd=training/train_mappo_shaped.py --scenario academy_3_vs_1_with_keeper --seed 42 --total-steps 500000 --enable-reward-shaping --log-dir training/runs/mappo_shaped_seed42,34187f24abd7
3.2.0,325c9cb9e303b13b,34e075039b74248780fc39ec0bf7cb8edac292ee9f0fc97fffaadd3555f42ab3,academy_3_vs_1_with_keeper,MAPPO,301056,3.1.0,simple115_v3_role,discrete19_v1,0.000122416,34.00,0.4757,0.6629,1.82,66.00,0.00,50,True,C:\Users\USER\Documents\Project\GMN-Football-3-main\training\models\mappo_academy_3_vs_1_with_keeper_seed42_shaped_temp.pt,host=DESKTOP-JFT7577|user=USER|date=2026-09-07T23:24:07.193804|cmd=training/train_mappo_shaped.py --scenario academy_3_vs_1_with_keeper --seed 42 --total-steps 500000 --enable-reward-shaping --log-dir training/runs/mappo_shaped_seed42,34187f24abd7
3.2.0,4a4acda76fde2148,d361a9dada377461ba46c873f1789633da416b1e5e8582e9c505c3f3741bca74,academy_3_vs_1_with_keeper,MAPPO,301056,3.1.0,simple115_v3_role,discrete19_v1,0.000122416,36.67,0.5126,0.6738,2.10,63.33,0.00,30,True,C:\Users\USER\Documents\Project\GMN-Football-3-main\training\models\mappo_academy_3_vs_1_with_keeper_seed42_shaped_301056.pt,host=DESKTOP-JFT7577|user=USER|date=2026-09-07T23:24:12.475998|cmd=training/train_mappo_shaped.py --scenario academy_3_vs_1_with_keeper --seed 42 --total-steps 500000 --enable-reward-shaping --log-dir training/runs/mappo_shaped_seed42,34187f24abd7
3.2.0,15e4e5efe1c4e23c,b3c33f28645b089d4eb7c761e19a2f3c1a281d9ba06e7db2a8a4a91ddef22138,academy_empty_goal,PPO,300,3.1.0,simple115_v3_role,discrete19_v1,0.0003,0.00,0.0000,0.0000,0.00,100.00,0.00,5,True,C:\Users\USER\Documents\Project\GMN-Football-3-main\training\models\smoke_parallel_test.zip,host=DESKTOP-JFT7577|user=USER|date=2026-09-08T02:44:29.102522|cmd=training\train_ppo.py 300 --n-envs 2 --checkpoint smoke_parallel_test.zip,aeec8614489f
3.2.0,63cb841e8e21a353,5fab6fc8bfa67287e0bca8665df355025958a647b4f0a59fde2a72cbb4eb3615,academy_3_vs_1_with_keeper,MAPPO,1024,3.1.0,simple115_v3_role,discrete19_v1,3e-05,2.00,0.0452,0.2001,0.20,98.00,0.38,50,True,C:\Users\USER\Documents\Project\GMN-Football-3-main\training\models\mappo_smoke_parallel_seed42.pt,host=DESKTOP-JFT7577|user=USER|date=2026-09-08T02:46:21.473097|cmd=training\train_mappo.py --timesteps 1024 --n-envs 2 --self-play --checkpoint-name mappo_smoke_parallel_seed42.pt,aeec8614489f
3.2.0,d3374425b4ce3e41,ab79b5c1538cb887413df3b7a5e087f36dbd02ca731a2ab0684bfb4722078e34,academy_3_vs_1_with_keeper,MAPPO,50176,3.1.0,simple115_v3_role,discrete19_v1,0.000260171,0.00,0.1504,0.1736,0.00,100.00,0.23,30,True,C:\Users\USER\Documents\Project\GMN-Football-3-main\training\models\mappo_academy_3_vs_1_with_keeper_seed42_50176.pt,host=DESKTOP-JFT7577|user=USER|date=2026-09-09T03:19:21.896541|cmd=training/train_mappo.py --scenario academy_3_vs_1_with_keeper --seed 42 --timesteps 200000 --checkpoint mappo_academy_3_vs_1_with_keeper_seed42_retrain.pt,6e45d9f776a8
3.2.0,8a740d331b45949a,1e6e1ade6f23c5f16778bb41c9d5837fffe44926f7df47d10b4c308cd46f3bf0,academy_3_vs_1_with_keeper,MAPPO,50176,3.1.0,simple115_v3_role,discrete19_v1,0.000260171,0.00,0.1075,0.1363,0.00,100.00,0.43,30,True,C:\Users\USER\Documents\Project\GMN-Football-3-main\training\models\mappo_academy_3_vs_1_with_keeper_seed999_50176.pt,host=DESKTOP-JFT7577|user=USER|date=2026-09-09T03:19:47.852448|cmd=training/train_mappo.py --scenario academy_3_vs_1_with_keeper --seed 999 --timesteps 200000 --checkpoint mappo_academy_3_vs_1_with_keeper_seed999_retrain.pt,6e45d9f776a8
3.2.0,697da158fdb3552c,ec003e72554dd309c2bc53288d4494fe5b696dd6574431ed8223f1306d13fe99,academy_3_vs_1_with_keeper,MAPPO,50176,3.1.0,simple115_v3_role,discrete19_v1,0.000260171,10.00,0.3153,0.6603,34.07,90.00,0.47,30,True,C:\Users\USER\Documents\Project\GMN-Football-3-main\training\models\mappo_academy_3_vs_1_with_keeper_seed123_50176.pt,host=DESKTOP-JFT7577|user=USER|date=2026-09-09T03:19:53.989989|cmd=training/train_mappo.py --scenario academy_3_vs_1_with_keeper --seed 123 --timesteps 200000 --checkpoint mappo_academy_3_vs_1_with_keeper_seed123_retrain.pt,6e45d9f776a8
3.2.0,ee279297ba29acdb,db913ec7afa6692b7caece2bdfaeb877c708c139b565e6bb69d0be4a43b7cdec,academy_3_vs_1_with_keeper,MAPPO,100352,3.1.0,simple115_v3_role,discrete19_v1,0.000164185,0.00,0.1070,0.1418,0.83,100.00,0.40,30,True,C:\Users\USER\Documents\Project\GMN-Football-3-main\training\models\mappo_academy_3_vs_1_with_keeper_seed42_100352.pt,host=DESKTOP-JFT7577|user=USER|date=2026-09-09T03:38:37.816600|cmd=training/train_mappo.py --scenario academy_3_vs_1_with_keeper --seed 42 --timesteps 200000 --checkpoint mappo_academy_3_vs_1_with_keeper_seed42_retrain.pt,6e45d9f776a8
3.2.0,de363e9181514429,6d236bff448a8d69a135f1568541ff1e8f45b0923ac243a193c1396f10421f1a,academy_3_vs_1_with_keeper,MAPPO,100352,3.1.0,simple115_v3_role,discrete19_v1,0.000164185,3.33,0.1506,0.3810,0.00,96.67,0.30,30,True,C:\Users\USER\Documents\Project\GMN-Football-3-main\training\models\mappo_academy_3_vs_1_with_keeper_seed999_100352.pt,host=DESKTOP-JFT7577|user=USER|date=2026-09-09T03:39:03.312073|cmd=training/train_mappo.py --scenario academy_3_vs_1_with_keeper --seed 999 --timesteps 200000 --checkpoint mappo_academy_3_vs_1_with_keeper_seed999_retrain.pt,6e45d9f776a8
3.2.0,546b88101d4a5cb5,eca4576c996d6d49035b9b4ad2d8e3a24f2bccaa1e8b347b2766c075b51e4aa7,academy_3_vs_1_with_keeper,MAPPO,100352,3.1.0,simple115_v3_role,discrete19_v1,0.000164185,13.33,0.3811,0.7511,32.87,86.67,0.50,30,True,C:\Users\USER\Documents\Project\GMN-Football-3-main\training\models\mappo_academy_3_vs_1_with_keeper_seed123_100352.pt,host=DESKTOP-JFT7577|user=USER|date=2026-09-09T03:39:07.234938|cmd=training/train_mappo.py --scenario academy_3_vs_1_with_keeper --seed 123 --timesteps 200000 --checkpoint mappo_academy_3_vs_1_with_keeper_seed123_retrain.pt,6e45d9f776a8
3.2.0,af5e9b9430b60a0a,bbfc8fab7147566e60c9945f05379429699f075111d15b8b2fffada96b408346,academy_3_vs_1_with_keeper,MAPPO,150528,3.1.0,simple115_v3_role,discrete19_v1,6.86805e-05,0.00,0.1001,0.1676,0.70,100.00,0.37,30,True,C:\Users\USER\Documents\Project\GMN-Football-3-main\training\models\mappo_academy_3_vs_1_with_keeper_seed42_150528.pt,host=DESKTOP-JFT7577|user=USER|date=2026-09-09T03:58:05.148306|cmd=training/train_mappo.py --scenario academy_3_vs_1_with_keeper --seed 42 --timesteps 200000 --checkpoint mappo_academy_3_vs_1_with_keeper_seed42_retrain.pt,6e45d9f776a8
3.2.0,c8f4692f1d0abd57,c17ffb9a509dc58a0ca4b37544296e67c5933504ab5a94a945aa33caf7fab536,academy_3_vs_1_with_keeper,MAPPO,150528,3.1.0,simple115_v3_role,discrete19_v1,6.86805e-05,0.00,0.0729,0.1039,0.00,100.00,0.30,30,True,C:\Users\USER\Documents\Project\GMN-Football-3-main\training\models\mappo_academy_3_vs_1_with_keeper_seed999_150528.pt,host=DESKTOP-JFT7577|user=USER|date=2026-09-09T03:58:40.643414|cmd=training/train_mappo.py --scenario academy_3_vs_1_with_keeper --seed 999 --timesteps 200000 --checkpoint mappo_academy_3_vs_1_with_keeper_seed999_retrain.pt,6e45d9f776a8
3.2.0,3fc0878bfdd69808,684412d57234b3b656f8fd5003a4bb5d85a630394ea38711bd46608e171688db,academy_3_vs_1_with_keeper,MAPPO,150528,3.1.0,simple115_v3_role,discrete19_v1,6.86805e-05,3.33,0.1748,0.3968,17.50,96.67,0.40,30,True,C:\Users\USER\Documents\Project\GMN-Football-3-main\training\models\mappo_academy_3_vs_1_with_keeper_seed123_150528.pt,host=DESKTOP-JFT7577|user=USER|date=2026-09-09T03:58:43.605464|cmd=training/train_mappo.py --scenario academy_3_vs_1_with_keeper --seed 123 --timesteps 200000 --checkpoint mappo_academy_3_vs_1_with_keeper_seed123_retrain.pt,6e45d9f776a8
3.2.0,0767f44502f6b864,583ad8be40e16941b512d6d197eb1687a96f3187c0b76f2f2e807c3d0be36ac3,academy_3_vs_1_with_keeper,MAPPO,199936,3.1.0,simple115_v3_role,discrete19_v1,3e-05,2.00,0.1606,0.3163,0.52,98.00,0.32,50,True,C:\Users\USER\Documents\Project\GMN-Football-3-main\training\models\mappo_academy_3_vs_1_with_keeper_seed42_retrain.pt,host=DESKTOP-JFT7577|user=USER|date=2026-09-09T04:17:25.432348|cmd=training/train_mappo.py --scenario academy_3_vs_1_with_keeper --seed 42 --timesteps 200000 --checkpoint mappo_academy_3_vs_1_with_keeper_seed42_retrain.pt,6e45d9f776a8
3.2.0,57377ea197fba307,cd9ed2e9376d39999695e7c55afb3937a4fab0f096d8a9f80e037d5e7bbb1706,academy_3_vs_1_with_keeper,MAPPO,199936,3.1.0,simple115_v3_role,discrete19_v1,3e-05,2.00,0.1514,0.3244,7.88,98.00,0.32,50,True,C:\Users\USER\Documents\Project\GMN-Football-3-main\training\models\mappo_academy_3_vs_1_with_keeper_seed123_retrain.pt,host=DESKTOP-JFT7577|user=USER|date=2026-09-09T04:17:47.025742|cmd=training/train_mappo.py --scenario academy_3_vs_1_with_keeper --seed 123 --timesteps 200000 --checkpoint mappo_academy_3_vs_1_with_keeper_seed123_retrain.pt,6e45d9f776a8
3.2.0,f42b050df87cb294,85108219e58f4b19eb985f3f4a69079d1953f1a3c0a5ca0d58bbad8d46c10108,academy_3_vs_1_with_keeper,MAPPO,199936,3.1.0,simple115_v3_role,discrete19_v1,3e-05,0.00,0.1129,0.1300,0.00,100.00,0.44,50,True,C:\Users\USER\Documents\Project\GMN-Football-3-main\training\models\mappo_academy_3_vs_1_with_keeper_seed999_retrain.pt,host=DESKTOP-JFT7577|user=USER|date=2026-09-09T04:17:48.595897|cmd=training/train_mappo.py --scenario academy_3_vs_1_with_keeper --seed 999 --timesteps 200000 --checkpoint mappo_academy_3_vs_1_with_keeper_seed999_retrain.pt,6e45d9f776a8
3.2.0,caa4eb14913e2c05,564fe76b4577bef7dcff688aee61447782281867cb7f3cff7985398d3185d0d2,academy_3_vs_1_with_keeper,MAPPO,50176,3.1.0,simple115_v3_role,discrete19_v1,0.000260171,0.00,-0.1069,0.0250,41.73,100.00,0.00,30,True,C:\Users\USER\Documents\Project\GMN-Football-3-main\training\models\mappo_academy_3_vs_1_with_keeper_seed42_50176.pt,host=DESKTOP-JFT7577|user=USER|date=2026-09-14T14:53:17.533566|cmd=C:\Users\USER\Documents\Project\GMN-Football-3-main\training\train_mappo.py --scenario academy_3_vs_1_with_keeper --timesteps 200000 --seed 42,126eadc34e03
3.2.0,4d7775891b0d66ac,12573323381291aa14ac728b592f7bdfa9b657769866906dd247b917a498411d,academy_3_vs_1_with_keeper,MAPPO,100352,3.1.0,simple115_v3_role,discrete19_v1,0.000164185,0.00,-0.1391,0.2065,15.00,100.00,0.00,30,True,C:\Users\USER\Documents\Project\GMN-Football-3-main\training\models\mappo_academy_3_vs_1_with_keeper_seed42_100352.pt,host=DESKTOP-JFT7577|user=USER|date=2026-09-14T14:58:51.143993|cmd=C:\Users\USER\Documents\Project\GMN-Football-3-main\training\train_mappo.py --scenario academy_3_vs_1_with_keeper --timesteps 200000 --seed 42,126eadc34e03
3.2.0,5cce176d9d218f06,78d734300bea09ac7f19b94952f642c5a3e2eae67bcfa5dc73e7b45aac2fb43b,academy_3_vs_1_with_keeper,MAPPO,150528,3.1.0,simple115_v3_role,discrete19_v1,6.86805e-05,0.00,-0.3422,0.5012,4.83,100.00,0.00,30,True,C:\Users\USER\Documents\Project\GMN-Football-3-main\training\models\mappo_academy_3_vs_1_with_keeper_seed42_150528.pt,host=DESKTOP-JFT7577|user=USER|date=2026-09-14T15:03:52.670488|cmd=C:\Users\USER\Documents\Project\GMN-Football-3-main\training\train_mappo.py --scenario academy_3_vs_1_with_keeper --timesteps 200000 --seed 42,126eadc34e03
3.2.0,5801eedf67cba40e,e3e530b3588070c70424274336f3656d26850f882400e8537e2ac7c71cb1b235,academy_3_vs_1_with_keeper,MAPPO,199936,3.1.0,simple115_v3_role,discrete19_v1,3e-05,0.00,-0.1018,0.0198,28.52,100.00,0.00,50,True,C:\Users\USER\Documents\Project\GMN-Football-3-main\training\models\mappo_academy_3_vs_1_with_keeper_seed42_quarantine.pt,host=DESKTOP-JFT7577|user=USER|date=2026-09-14T15:09:00.040304|cmd=C:\Users\USER\Documents\Project\GMN-Football-3-main\training\train_mappo.py --scenario academy_3_vs_1_with_keeper --timesteps 200000 --seed 42,126eadc34e03
3.2.0,7e00c6f4211634f9,08ec4e3c52fb9b850c20f948556b4374b799398a8f9d6c63401d1f383b646896,academy_3_vs_1_with_keeper,MAPPO,50176,3.1.0,simple115_v3_role,discrete19_v1,0.000260171,0.00,-0.1341,0.1888,2.03,100.00,0.00,30,True,C:\Users\USER\Documents\Project\GMN-Football-3-main\training\models\mappo_academy_3_vs_1_with_keeper_seed123_50176.pt,host=DESKTOP-JFT7577|user=USER|date=2026-09-14T15:20:02.524607|cmd=C:\Users\USER\Documents\Project\GMN-Football-3-main\training\train_mappo.py --scenario academy_3_vs_1_with_keeper --timesteps 200000 --seed 123,126eadc34e03
3.2.0,0fa0d745b55e5aab,d558024500402900bae6d34b21438e22b0b6e5b6a2dfa0c4b395b63276d58efe,academy_3_vs_1_with_keeper,MAPPO,100352,3.1.0,simple115_v3_role,discrete19_v1,0.000164185,0.00,-0.1128,0.0334,39.27,100.00,0.00,30,True,C:\Users\USER\Documents\Project\GMN-Football-3-main\training\models\mappo_academy_3_vs_1_with_keeper_seed123_100352.pt,host=DESKTOP-JFT7577|user=USER|date=2026-09-14T15:24:57.523626|cmd=C:\Users\USER\Documents\Project\GMN-Football-3-main\training\train_mappo.py --scenario academy_3_vs_1_with_keeper --timesteps 200000 --seed 123,126eadc34e03
3.2.0,dab935c9395c694c,65f423ae664a88b784fbb5979bd850d68904faded69c0295c26c5967ca9a3513,academy_3_vs_1_with_keeper,MAPPO,150528,3.1.0,simple115_v3_role,discrete19_v1,6.86805e-05,0.00,-0.1069,0.0250,46.47,100.00,0.00,30,True,C:\Users\USER\Documents\Project\GMN-Football-3-main\training\models\mappo_academy_3_vs_1_with_keeper_seed123_150528.pt,host=DESKTOP-JFT7577|user=USER|date=2026-09-14T15:30:08.739555|cmd=C:\Users\USER\Documents\Project\GMN-Football-3-main\training\train_mappo.py --scenario academy_3_vs_1_with_keeper --timesteps 200000 --seed 123,126eadc34e03
3.2.0,a67596e7080583ff,a35a5f686cd82f2155656f59bd139812d30307a261d79487e76cfadb785bc89f,academy_3_vs_1_with_keeper,MAPPO,199936,3.1.0,simple115_v3_role,discrete19_v1,3e-05,0.00,-0.1068,0.0263,42.60,100.00,0.00,50,True,C:\Users\USER\Documents\Project\GMN-Football-3-main\training\models\mappo_academy_3_vs_1_with_keeper_seed123_quarantine.pt,host=DESKTOP-JFT7577|user=USER|date=2026-09-14T15:34:51.956053|cmd=C:\Users\USER\Documents\Project\GMN-Football-3-main\training\train_mappo.py --scenario academy_3_vs_1_with_keeper --timesteps 200000 --seed 123,126eadc34e03
3.2.0,682a7f117031e6fb,5bda89d751ac223cc9222ce84457fa185280eab0d601a6b8af68d94579ed255b,academy_3_vs_1_with_keeper,MAPPO,50176,3.1.0,simple115_v3_role,discrete19_v1,0.000260171,0.00,-0.0947,0.0109,4.30,100.00,0.00,30,True,C:\Users\USER\Documents\Project\GMN-Football-3-main\training\models\mappo_academy_3_vs_1_with_keeper_seed999_50176.pt,host=DESKTOP-JFT7577|user=USER|date=2026-09-14T15:42:40.295951|cmd=C:\Users\USER\Documents\Project\GMN-Football-3-main\training\train_mappo.py --scenario academy_3_vs_1_with_keeper --timesteps 200000 --seed 999,126eadc34e03
3.2.0,30513492a4c47fc9,922f65afc60d34759d4701e1e68fa92076bf6dd877c36cee00114d793baf0bc1,academy_3_vs_1_with_keeper,MAPPO,100352,3.1.0,simple115_v3_role,discrete19_v1,0.000164185,0.00,-0.0947,0.0109,0.80,100.00,0.00,30,True,C:\Users\USER\Documents\Project\GMN-Football-3-main\training\models\mappo_academy_3_vs_1_with_keeper_seed999_100352.pt,host=DESKTOP-JFT7577|user=USER|date=2026-09-14T15:48:21.109230|cmd=C:\Users\USER\Documents\Project\GMN-Football-3-main\training\train_mappo.py --scenario academy_3_vs_1_with_keeper --timesteps 200000 --seed 999,126eadc34e03
3.2.0,e77378bec0fcd472,6467137999efc4d7ed00ad71dcea275a94154ed8f7feb6231739304a6f07ea1e,academy_3_vs_1_with_keeper,MAPPO,150528,3.1.0,simple115_v3_role,discrete19_v1,6.86805e-05,0.00,-0.0947,0.0109,0.00,100.00,0.00,30,True,C:\Users\USER\Documents\Project\GMN-Football-3-main\training\models\mappo_academy_3_vs_1_with_keeper_seed999_150528.pt,host=DESKTOP-JFT7577|user=USER|date=2026-09-14T15:53:30.814735|cmd=C:\Users\USER\Documents\Project\GMN-Football-3-main\training\train_mappo.py --scenario academy_3_vs_1_with_keeper --timesteps 200000 --seed 999,126eadc34e03
3.2.0,d1ee0ba64a7aa1a4,211a440a1187c0fe38fe9b8b73ee21ec72974a2764a1cc7a8e824ba151edfe89,academy_3_vs_1_with_keeper,MAPPO,199936,3.1.0,simple115_v3_role,discrete19_v1,3e-05,0.00,-0.0948,0.0118,0.00,100.00,0.00,50,True,C:\Users\USER\Documents\Project\GMN-Football-3-main\training\models\mappo_academy_3_vs_1_with_keeper_seed999_quarantine.pt,host=DESKTOP-JFT7577|user=USER|date=2026-09-14T15:58:25.994963|cmd=C:\Users\USER\Documents\Project\GMN-Football-3-main\training\train_mappo.py --scenario academy_3_vs_1_with_keeper --timesteps 200000 --seed 999,126eadc34e03
3.2.0,42f3bf8befeb5a2c,e216014043fc50c004ddd4ab1d1bc994b063c55d6b5a9d07dbf75694e50af887,academy_3_vs_1_with_keeper,MAPPO,50176,3.1.0,simple115_v3_role,discrete19_v1,0.000260171,0.00,-0.0947,0.0109,0.00,100.00,0.00,30,True,C:\Users\USER\Documents\Project\GMN-Football-3-main\training\models\mappo_academy_3_vs_1_with_keeper_seed7_50176.pt,host=DESKTOP-JFT7577|user=USER|date=2026-09-14T16:09:35.680196|cmd=C:\Users\USER\Documents\Project\GMN-Football-3-main\training\train_mappo.py --scenario academy_3_vs_1_with_keeper --timesteps 200000 --seed 7,126eadc34e03
3.2.0,4f7b77ded9f5763b,b0d36d75acde0d71922a231010f9c18bb4387c4006a642876c1dd5c2d32557df,academy_3_vs_1_with_keeper,MAPPO,100352,3.1.0,simple115_v3_role,discrete19_v1,0.000164185,0.00,-0.0947,0.0109,0.00,100.00,0.00,30,True,C:\Users\USER\Documents\Project\GMN-Football-3-main\training\models\mappo_academy_3_vs_1_with_keeper_seed7_100352.pt,host=DESKTOP-JFT7577|user=USER|date=2026-09-14T16:14:25.208313|cmd=C:\Users\USER\Documents\Project\GMN-Football-3-main\training\train_mappo.py --scenario academy_3_vs_1_with_keeper --timesteps 200000 --seed 7,126eadc34e03
3.2.0,3a67547e36000d45,53da1c2f5f551fff4b2c4f06e7144a5065e1b57d96bf6e0d4acb92682c5b0568,academy_3_vs_1_with_keeper,MAPPO,150528,3.1.0,simple115_v3_role,discrete19_v1,6.86805e-05,0.00,-0.0947,0.0109,0.00,100.00,0.00,30,True,C:\Users\USER\Documents\Project\GMN-Football-3-main\training\models\mappo_academy_3_vs_1_with_keeper_seed7_150528.pt,host=DESKTOP-JFT7577|user=USER|date=2026-09-14T16:19:46.947747|cmd=C:\Users\USER\Documents\Project\GMN-Football-3-main\training\train_mappo.py --scenario academy_3_vs_1_with_keeper --timesteps 200000 --seed 7,126eadc34e03
3.2.0,a2d8fb87b4861526,5549c67cfe5cf88120e5f3d5f60831d7b4e76ab10b22558aed0a5f7752be205a,academy_3_vs_1_with_keeper,MAPPO,199936,3.1.0,simple115_v3_role,discrete19_v1,3e-05,0.00,-0.0948,0.0118,0.00,100.00,0.00,50,True,C:\Users\USER\Documents\Project\GMN-Football-3-main\training\models\mappo_academy_3_vs_1_with_keeper_seed7_quarantine.pt,host=DESKTOP-JFT7577|user=USER|date=2026-09-14T16:24:59.205972|cmd=C:\Users\USER\Documents\Project\GMN-Football-3-main\training\train_mappo.py --scenario academy_3_vs_1_with_keeper --timesteps 200000 --seed 7,126eadc34e03
3.2.0,d128e1af9505d38e,0d0afe473941f16a0f7df5ac4f7bc3b1e7141b3f1cd1161dfe29ed793eb22edb,academy_3_vs_1_with_keeper,MAPPO,768,3.1.0,simple115_v3_role,discrete19_v1,3e-05,0.00,-0.7637,0.0659,1.56,100.00,0.00,50,True,C:\Users\USER\Documents\Project\GMN-Football-3-main\training\models\smoke_masked_seed42.pt,host=DESKTOP-JFT7577|user=USER|date=2026-09-14T21:52:38.746528|cmd=C:\Users\USER\Documents\Project\GMN-Football-3-main\training\train_mappo.py --timesteps 800 --seed 42 --scenario academy_3_vs_1_with_keeper --checkpoint-name smoke_masked_seed42.pt,126eadc34e03
3.2.0,11ffd71bc94f1c4e,beb48004911c627695fd4e9b121c2ab864d03d7484a9d04b01cebe78b529d450,academy_3_vs_1_with_keeper,MAPPO,50176,3.1.0,simple115_v3_role,discrete19_v1,0.000260171,0.00,-0.8084,0.1095,0.00,100.00,0.00,30,True,C:\Users\USER\Documents\Project\GMN-Football-3-main\training\models\mappo_academy_3_vs_1_with_keeper_seed42_50176.pt,host=DESKTOP-JFT7577|user=USER|date=2026-09-14T21:58:14.620979|cmd=C:\Users\USER\Documents\Project\GMN-Football-3-main\training\train_mappo.py --timesteps 200000 --seed 42 --scenario academy_3_vs_1_with_keeper,126eadc34e03
3.2.0,6823c5b124301f27,81f0a3691672f28f2278400eeeae7427218f1b99e82260f77e3f0f234821cb4c,academy_3_vs_1_with_keeper,MAPPO,100352,3.1.0,simple115_v3_role,discrete19_v1,0.000164185,0.00,-0.7416,0.1254,0.00,100.00,0.00,30,True,C:\Users\USER\Documents\Project\GMN-Football-3-main\training\models\mappo_academy_3_vs_1_with_keeper_seed42_100352.pt,host=DESKTOP-JFT7577|user=USER|date=2026-09-14T22:02:51.687925|cmd=C:\Users\USER\Documents\Project\GMN-Football-3-main\training\train_mappo.py --timesteps 200000 --seed 42 --scenario academy_3_vs_1_with_keeper,126eadc34e03
3.2.0,4f481d0b2e0c0d18,20763a00e7f20ac23a71095eea587742b22f3d2f4729aa1b790ccac52ea4e31e,academy_3_vs_1_with_keeper,MAPPO,150528,3.1.0,simple115_v3_role,discrete19_v1,6.86805e-05,0.00,-0.7009,0.1396,0.10,100.00,0.00,30,True,C:\Users\USER\Documents\Project\GMN-Football-3-main\training\models\mappo_academy_3_vs_1_with_keeper_seed42_150528.pt,host=DESKTOP-JFT7577|user=USER|date=2026-09-14T22:07:35.065736|cmd=C:\Users\USER\Documents\Project\GMN-Football-3-main\training\train_mappo.py --timesteps 200000 --seed 42 --scenario academy_3_vs_1_with_keeper,126eadc34e03
3.2.0,9340186495c3fd4f,db294be2176afa45cff846093373bc23b78d4aea5d2b3d728df4a5910bb0d279,academy_3_vs_1_with_keeper,MAPPO,199936,3.1.0,simple115_v3_role,discrete19_v1,3e-05,0.00,-0.7140,0.1207,0.54,100.00,0.00,50,True,C:\Users\USER\Documents\Project\GMN-Football-3-main\training\models\mappo_academy_3_vs_1_with_keeper_seed42_quarantine.pt,host=DESKTOP-JFT7577|user=USER|date=2026-09-14T22:12:11.422641|cmd=C:\Users\USER\Documents\Project\GMN-Football-3-main\training\train_mappo.py --timesteps 200000 --seed 42 --scenario academy_3_vs_1_with_keeper,126eadc34e03
3.2.0,70996602d80c3677,4031f5a893af7796b111ea8efb33ebec494cb877c5eaf5675194bf92679e42fc,academy_3_vs_1_with_keeper,MAPPO,50176,3.1.0,simple115_v3_role,discrete19_v1,0.000260171,0.00,-0.5295,0.2326,0.00,100.00,0.00,30,True,training/models/retrain_maskfix_seed42\mappo_academy_3_vs_1_with_keeper_seed42_50176.pt,host=DESKTOP-JFT7577|user=USER|date=2026-09-15T11:29:59.274420|cmd=C:\Users\USER\Documents\Project\GMN-Football-3-main\training\train_mappo.py --scenario academy_3_vs_1_with_keeper --timesteps 200000 --seed 42 --models-dir training/models/retrain_maskfix_seed42 --n-envs 1,6eb75a42ee4f
3.2.0,886da8f01707f86e,27f269227a34a1ee98a5315f065acea5f95ead9f859a2864f8448151641c16eb,academy_3_vs_1_with_keeper,MAPPO,100352,3.1.0,simple115_v3_role,discrete19_v1,0.000164185,0.00,-0.5759,0.2052,0.00,100.00,0.00,30,True,training/models/retrain_maskfix_seed42\mappo_academy_3_vs_1_with_keeper_seed42_100352.pt,host=DESKTOP-JFT7577|user=USER|date=2026-09-15T11:35:17.109417|cmd=C:\Users\USER\Documents\Project\GMN-Football-3-main\training\train_mappo.py --scenario academy_3_vs_1_with_keeper --timesteps 200000 --seed 42 --models-dir training/models/retrain_maskfix_seed42 --n-envs 1,6eb75a42ee4f
3.2.0,5e61df6e61bfe64c,ad551e8a47ce9a2506c6b55e34501170fc135f0c4057f0c2a5f54e664532070e,academy_3_vs_1_with_keeper,MAPPO,150528,3.1.0,simple115_v3_role,discrete19_v1,6.86805e-05,0.00,-0.5468,0.2182,0.00,100.00,0.00,30,True,training/models/retrain_maskfix_seed42\mappo_academy_3_vs_1_with_keeper_seed42_150528.pt,host=DESKTOP-JFT7577|user=USER|date=2026-09-15T11:41:11.664496|cmd=C:\Users\USER\Documents\Project\GMN-Football-3-main\training\train_mappo.py --scenario academy_3_vs_1_with_keeper --timesteps 200000 --seed 42 --models-dir training/models/retrain_maskfix_seed42 --n-envs 1,6eb75a42ee4f
3.2.0,f987853ef173832b,e8bba76493f2b4a846e0aa07fddc10cbbf5f07c02dcc9ff96d31d959e4753258,academy_3_vs_1_with_keeper,MAPPO,199936,3.1.0,simple115_v3_role,discrete19_v1,3e-05,0.00,-0.5576,0.2027,0.00,100.00,0.00,50,True,training/models/retrain_maskfix_seed42\mappo_academy_3_vs_1_with_keeper_seed42_quarantine.pt,host=DESKTOP-JFT7577|user=USER|date=2026-09-15T11:46:16.602273|cmd=C:\Users\USER\Documents\Project\GMN-Football-3-main\training\train_mappo.py --scenario academy_3_vs_1_with_keeper --timesteps 200000 --seed 42 --models-dir training/models/retrain_maskfix_seed42 --n-envs 1,6eb75a42ee4f
3.2.0,0467b9cafe69e36a,a16c548e9a376fb9ca1031c3a041acf1f5019af27c17fcfcec044d43a9b5efa7,academy_3_vs_1_with_keeper,MAPPO,50176,3.1.0,simple115_v3_role,discrete19_v1,0.000260171,0.00,-0.6685,0.1615,0.00,100.00,0.00,30,True,training/models/retrain_maskfix_seed123\mappo_academy_3_vs_1_with_keeper_seed123_50176.pt,host=DESKTOP-JFT7577|user=USER|date=2026-09-15T12:05:50.201147|cmd=C:\Users\USER\Documents\Project\GMN-Football-3-main\training\train_mappo.py --scenario academy_3_vs_1_with_keeper --timesteps 200000 --seed 123 --models-dir training/models/retrain_maskfix_seed123 --n-envs 1,6eb75a42ee4f
3.2.0,cc86e52bbd531d7c,76f3ef7ee65b70e718f7f234196c916f5ba29b6ab5a08ae8c9b84833563f10c1,academy_3_vs_1_with_keeper,MAPPO,100352,3.1.0,simple115_v3_role,discrete19_v1,0.000164185,0.00,-0.7268,0.1216,0.00,100.00,0.00,30,True,training/models/retrain_maskfix_seed123\mappo_academy_3_vs_1_with_keeper_seed123_100352.pt,host=DESKTOP-JFT7577|user=USER|date=2026-09-15T12:10:44.432302|cmd=C:\Users\USER\Documents\Project\GMN-Football-3-main\training\train_mappo.py --scenario academy_3_vs_1_with_keeper --timesteps 200000 --seed 123 --models-dir training/models/retrain_maskfix_seed123 --n-envs 1,6eb75a42ee4f
3.2.0,893af206329cacae,90afc8ffe35cfa27039ea7850371ecc0e842c999224254ebfc1ee56aebd90fe9,academy_3_vs_1_with_keeper,MAPPO,150528,3.1.0,simple115_v3_role,discrete19_v1,6.86805e-05,0.00,-0.7016,0.1038,0.00,100.00,0.00,30,True,training/models/retrain_maskfix_seed123\mappo_academy_3_vs_1_with_keeper_seed123_150528.pt,host=DESKTOP-JFT7577|user=USER|date=2026-09-15T12:15:10.535944|cmd=C:\Users\USER\Documents\Project\GMN-Football-3-main\training\train_mappo.py --scenario academy_3_vs_1_with_keeper --timesteps 200000 --seed 123 --models-dir training/models/retrain_maskfix_seed123 --n-envs 1,6eb75a42ee4f
3.2.0,e0965c905b830b29,c777585716bbe1765912d412d04e1c8ce1d57465a24792d09da62460b6e88242,academy_3_vs_1_with_keeper,MAPPO,199936,3.1.0,simple115_v3_role,discrete19_v1,3e-05,0.00,-0.6100,0.1778,0.00,100.00,0.00,50,True,training/models/retrain_maskfix_seed123\mappo_academy_3_vs_1_with_keeper_seed123_quarantine.pt,host=DESKTOP-JFT7577|user=USER|date=2026-09-15T12:19:58.758017|cmd=C:\Users\USER\Documents\Project\GMN-Football-3-main\training\train_mappo.py --scenario academy_3_vs_1_with_keeper --timesteps 200000 --seed 123 --models-dir training/models/retrain_maskfix_seed123 --n-envs 1,6eb75a42ee4f
3.2.0,8e99e42d58d5d641,465b13001f935955e21b70adc37a0684a84a9671fc89f3d6c2f83087236927c1,academy_3_vs_1_with_keeper,MAPPO,50176,3.1.0,simple115_v3_role,discrete19_v1,0.000260171,3.33,-0.7003,0.1547,0.10,96.67,0.00,30,True,training/models/retrain_maskfix_seed999\mappo_academy_3_vs_1_with_keeper_seed999_50176.pt,host=DESKTOP-JFT7577|user=USER|date=2026-09-15T12:54:29.640324|cmd=C:\Users\USER\Documents\Project\GMN-Football-3-main\training\train_mappo.py --scenario academy_3_vs_1_with_keeper --timesteps 200000 --seed 999 --models-dir training/models/retrain_maskfix_seed999 --n-envs 1,6eb75a42ee4f
3.2.0,f5062cad72f56fd5,70243b90d3e642c199c5ab5b28b2effaf41282e403b2d5336fb7d14199156411,academy_3_vs_1_with_keeper,MAPPO,100352,3.1.0,simple115_v3_role,discrete19_v1,0.000164185,0.00,-0.7656,0.0306,0.37,100.00,0.00,30,True,training/models/retrain_maskfix_seed999\mappo_academy_3_vs_1_with_keeper_seed999_100352.pt,host=DESKTOP-JFT7577|user=USER|date=2026-09-15T13:00:38.457279|cmd=C:\Users\USER\Documents\Project\GMN-Football-3-main\training\train_mappo.py --scenario academy_3_vs_1_with_keeper --timesteps 200000 --seed 999 --models-dir training/models/retrain_maskfix_seed999 --n-envs 1,6eb75a42ee4f
3.2.0,14f9b79cf98f0d99,c01cd050b1117bbc3a9d7b02ea86dd003bad5b8d46514a668d64915372f2df66,academy_3_vs_1_with_keeper,MAPPO,150528,3.1.0,simple115_v3_role,discrete19_v1,6.86805e-05,6.67,-0.7063,0.1978,0.10,93.33,0.00,30,True,training/models/retrain_maskfix_seed999\mappo_academy_3_vs_1_with_keeper_seed999_150528.pt,host=DESKTOP-JFT7577|user=USER|date=2026-09-15T13:06:00.510591|cmd=C:\Users\USER\Documents\Project\GMN-Football-3-main\training\train_mappo.py --scenario academy_3_vs_1_with_keeper --timesteps 200000 --seed 999 --models-dir training/models/retrain_maskfix_seed999 --n-envs 1,6eb75a42ee4f
3.2.0,3dd88ceb584f48a1,ba49a14de1361539b3fbc134670369cb30a10eadd3c1aa729e2723bc1edb22d9,academy_3_vs_1_with_keeper,MAPPO,199936,3.1.0,simple115_v3_role,discrete19_v1,3e-05,0.00,-0.7106,0.1099,0.02,100.00,0.00,50,True,training/models/retrain_maskfix_seed999\mappo_academy_3_vs_1_with_keeper_seed999_quarantine.pt,host=DESKTOP-JFT7577|user=USER|date=2026-09-15T13:11:12.351136|cmd=C:\Users\USER\Documents\Project\GMN-Football-3-main\training\train_mappo.py --scenario academy_3_vs_1_with_keeper --timesteps 200000 --seed 999 --models-dir training/models/retrain_maskfix_seed999 --n-envs 1,6eb75a42ee4f
3.2.0,1fd28012257712fa,933508b4a7356996864dc4c21f6fe41032a9302581db7b15f8ffe18e3a260b06,academy_3_vs_1_with_keeper,MAPPO,50176,3.1.0,simple115_v3_role,discrete19_v1,0.000260171,0.00,-0.7855,0.0936,0.00,100.00,0.00,30,True,training/models/retrain_maskfix_seed7\mappo_academy_3_vs_1_with_keeper_seed7_50176.pt,host=DESKTOP-JFT7577|user=USER|date=2026-09-15T13:18:44.839641|cmd=C:\Users\USER\Documents\Project\GMN-Football-3-main\training\train_mappo.py --scenario academy_3_vs_1_with_keeper --timesteps 200000 --seed 7 --models-dir training/models/retrain_maskfix_seed7 --n-envs 1,6eb75a42ee4f
3.2.0,ecdae3a0db6568c7,cc6073ea27fe15a483d8a85e1c2ab92e4626a17f93c39c2525121ff3df08e38c,academy_3_vs_1_with_keeper,MAPPO,100352,3.1.0,simple115_v3_role,discrete19_v1,0.000164185,0.00,-0.6938,0.1319,0.00,100.00,0.00,30,True,training/models/retrain_maskfix_seed7\mappo_academy_3_vs_1_with_keeper_seed7_100352.pt,host=DESKTOP-JFT7577|user=USER|date=2026-09-15T13:23:12.071288|cmd=C:\Users\USER\Documents\Project\GMN-Football-3-main\training\train_mappo.py --scenario academy_3_vs_1_with_keeper --timesteps 200000 --seed 7 --models-dir training/models/retrain_maskfix_seed7 --n-envs 1,6eb75a42ee4f
3.2.0,89d1e0915fa8737a,748158421012e71093f03deac852e3aa50690eeb78841e5c70b61960a874c841,academy_3_vs_1_with_keeper,MAPPO,150528,3.1.0,simple115_v3_role,discrete19_v1,6.86805e-05,0.00,-0.5707,0.2028,0.03,100.00,0.00,30,True,training/models/retrain_maskfix_seed7\mappo_academy_3_vs_1_with_keeper_seed7_150528.pt,host=DESKTOP-JFT7577|user=USER|date=2026-09-15T13:27:34.995152|cmd=C:\Users\USER\Documents\Project\GMN-Football-3-main\training\train_mappo.py --scenario academy_3_vs_1_with_keeper --timesteps 200000 --seed 7 --models-dir training/models/retrain_maskfix_seed7 --n-envs 1,6eb75a42ee4f
3.2.0,067d5937cf512e34,f026db22200b8df56359d3e578a98c0c79b45cef7a461638a7c2a6dc412a5a44,academy_3_vs_1_with_keeper,MAPPO,199936,3.1.0,simple115_v3_role,discrete19_v1,3e-05,0.00,-0.7110,0.1119,0.00,100.00,0.00,50,True,training/models/retrain_maskfix_seed7\mappo_academy_3_vs_1_with_keeper_seed7_quarantine.pt,host=DESKTOP-JFT7577|user=USER|date=2026-09-15T13:32:42.882132|cmd=C:\Users\USER\Documents\Project\GMN-Football-3-main\training\train_mappo.py --scenario academy_3_vs_1_with_keeper --timesteps 200000 --seed 7 --models-dir training/models/retrain_maskfix_seed7 --n-envs 1,6eb75a42ee4f
