evaluation_id,checkpoint_sha256,scenario,algorithm,step,env_version,observation_schema_version,action_schema_version,learning_rate,goal_rate_pct,mean_reward,std_reward,shots_per_ep,turnover_rate,episodes,deterministic,checkpoint_path,provenance,env_hash
,,academy_3_vs_1_with_keeper,IPPO,0,,,,0.0003,10.0,0.42,0.20,0.80,0.45,100,True,training/models/ippo_academy_3_vs_1_with_keeper_0k.zip,GMN-Football-3-Baseline,
,,academy_3_vs_1_with_keeper,IPPO,50000,,,,0.0003,38.0,1.72,0.34,1.25,0.32,100,True,training/models/ippo_academy_3_vs_1_with_keeper_50k.zip,GMN-Football-3-Baseline,
,,academy_3_vs_1_with_keeper,IPPO,100000,,,,0.0003,52.0,2.65,0.42,1.55,0.25,100,True,training/models/ippo_academy_3_vs_1_with_keeper_100k.zip,GMN-Football-3-Baseline,
,,academy_3_vs_1_with_keeper,IPPO,150000,,,,0.0003,62.0,3.25,0.40,1.70,0.20,100,True,training/models/ippo_academy_3_vs_1_with_keeper_150k.zip,GMN-Football-3-Baseline,
,,academy_3_vs_1_with_keeper,IPPO,200000,,,,0.0003,68.0,3.75,0.41,1.80,0.17,100,True,training/models/ippo_academy_3_vs_1_with_keeper_trained.zip,GMN-Football-3-Baseline,
,,academy_empty_goal,PPO,0,,,,0.0003,15.0,0.55,0.25,0.90,0.40,100,True,training/models/ppo_academy_empty_goal_0k.zip,GMN-Football-3-Baseline,
,,academy_empty_goal,PPO,50000,,,,0.0003,72.0,3.85,0.35,1.80,0.15,100,True,training/models/ppo_academy_empty_goal_50k.zip,GMN-Football-3-Baseline,
,,academy_empty_goal,PPO,100000,,,,0.0003,96.0,5.40,0.28,2.10,0.04,100,True,training/models/ppo_academy_empty_goal_trained.zip,GMN-Football-3-Baseline,
,,5_vs_5,MAPPO,19968,,,,0.0003,2.00,-2.4285,0.8519,42.48,98.00,50,True,C:\Users\USER\Documents\Project\GMN-Football-3-main\training\models\mappo_5_vs_5_20000.pt,host=DESKTOP-JFT7577|user=USER|date=2026-09-05T13:58:08.067361|cmd=training/train_mappo.py --timesteps 20000 --scenario 5_vs_5 --checkpoint-name mappo_5_vs_5_20000.pt,
,,academy_3_vs_1_with_keeper,IPPO,20000,,,,0.0003,0.00,0.0000,0.0000,0.00,100.00,50,True,C:\Users\USER\Documents\Project\GMN-Football-3-main\training\models\ippo_academy_3_vs_1_with_keeper_20000.zip,host=DESKTOP-JFT7577|user=USER|date=2026-09-06T00:33:47.122027|cmd=training/train_ippo.py 20000 --checkpoint ippo_academy_3_vs_1_with_keeper_20000.zip,
,,academy_3_vs_1_with_keeper,MAPPO,150528,,,,0.0003,0.00,0.1859,0.1805,3.87,100.00,30,True,training/models/mappo_academy_3_vs_1_with_keeper_best.pt,host=DESKTOP-JFT7577|user=USER|date=2026-09-06T02:22:34.855583|cmd=-c,
,,academy_3_vs_1_with_keeper,MAPPO,50176,,,,0.0003,0.00,0.1425,0.1614,0.00,100.00,30,True,C:\Users\USER\Documents\Project\GMN-Football-3-main\training\models\mappo_academy_3_vs_1_with_keeper_50176.pt,host=DESKTOP-JFT7577|user=USER|date=2026-09-06T02:59:14.338888|cmd=training/train_mappo.py --timesteps 500000 --scenario academy_3_vs_1_with_keeper --checkpoint-name mappo_academy_3_vs_1_with_keeper_500k.pt,
,,academy_3_vs_1_with_keeper,MAPPO,100352,,,,0.0003,0.00,0.1302,0.1506,0.10,100.00,30,True,C:\Users\USER\Documents\Project\GMN-Football-3-main\training\models\mappo_academy_3_vs_1_with_keeper_100352.pt,host=DESKTOP-JFT7577|user=USER|date=2026-09-06T03:04:52.911720|cmd=training/train_mappo.py --timesteps 500000 --scenario academy_3_vs_1_with_keeper --checkpoint-name mappo_academy_3_vs_1_with_keeper_500k.pt,
,,academy_3_vs_1_with_keeper,MAPPO,150528,,,,0.0003,0.00,0.0980,0.1133,0.00,100.00,30,True,C:\Users\USER\Documents\Project\GMN-Football-3-main\training\models\mappo_academy_3_vs_1_with_keeper_150528.pt,host=DESKTOP-JFT7577|user=USER|date=2026-09-06T03:10:44.506439|cmd=training/train_mappo.py --timesteps 500000 --scenario academy_3_vs_1_with_keeper --checkpoint-name mappo_academy_3_vs_1_with_keeper_500k.pt,
,,academy_3_vs_1_with_keeper,MAPPO,200704,,,,0.0003,0.00,0.1026,0.1141,8.53,100.00,30,True,C:\Users\USER\Documents\Project\GMN-Football-3-main\training\models\mappo_academy_3_vs_1_with_keeper_200704.pt,host=DESKTOP-JFT7577|user=USER|date=2026-09-06T03:15:58.528861|cmd=training/train_mappo.py --timesteps 500000 --scenario academy_3_vs_1_with_keeper --checkpoint-name mappo_academy_3_vs_1_with_keeper_500k.pt,
,,academy_3_vs_1_with_keeper,MAPPO,250880,,,,0.0003,0.00,0.1577,0.1747,3.37,100.00,30,True,C:\Users\USER\Documents\Project\GMN-Football-3-main\training\models\mappo_academy_3_vs_1_with_keeper_250880.pt,host=DESKTOP-JFT7577|user=USER|date=2026-09-06T03:21:11.914760|cmd=training/train_mappo.py --timesteps 500000 --scenario academy_3_vs_1_with_keeper --checkpoint-name mappo_academy_3_vs_1_with_keeper_500k.pt,
,,academy_3_vs_1_with_keeper,MAPPO,50176,,,,0.0003,6.67,0.2937,0.3358,3.00,93.33,30,True,C:\Users\USER\Documents\Project\GMN-Football-3-main\training\models\mappo_academy_3_vs_1_with_keeper_50176.pt,host=DESKTOP-JFT7577|user=USER|date=2026-09-06T03:31:14.602533|cmd=training/train_mappo.py --timesteps 500000 --scenario academy_3_vs_1_with_keeper --checkpoint-name mappo_academy_3_vs_1_with_keeper_500k.pt --resume training/models/mappo_academy_3_vs_1_with_keeper_500k.pt,
,,academy_3_vs_1_with_keeper,MAPPO,100352,,,,0.0003,0.00,0.2245,0.1713,3.80,100.00,30,True,C:\Users\USER\Documents\Project\GMN-Football-3-main\training\models\mappo_academy_3_vs_1_with_keeper_100352.pt,host=DESKTOP-JFT7577|user=USER|date=2026-09-06T03:36:25.444108|cmd=training/train_mappo.py --timesteps 500000 --scenario academy_3_vs_1_with_keeper --checkpoint-name mappo_academy_3_vs_1_with_keeper_500k.pt --resume training/models/mappo_academy_3_vs_1_with_keeper_500k.pt,
,,academy_3_vs_1_with_keeper,MAPPO,150528,,,,0.0003,0.00,0.2155,0.1645,0.00,100.00,30,True,C:\Users\USER\Documents\Project\GMN-Football-3-main\training\models\mappo_academy_3_vs_1_with_keeper_150528.pt,host=DESKTOP-JFT7577|user=USER|date=2026-09-06T03:41:29.372671|cmd=training/train_mappo.py --timesteps 500000 --scenario academy_3_vs_1_with_keeper --checkpoint-name mappo_academy_3_vs_1_with_keeper_500k.pt --resume training/models/mappo_academy_3_vs_1_with_keeper_500k.pt,
,,academy_3_vs_1_with_keeper,MAPPO,200704,,,,0.0003,0.00,0.2169,0.1652,0.00,100.00,30,True,C:\Users\USER\Documents\Project\GMN-Football-3-main\training\models\mappo_academy_3_vs_1_with_keeper_200704.pt,host=DESKTOP-JFT7577|user=USER|date=2026-09-06T03:46:28.130065|cmd=training/train_mappo.py --timesteps 500000 --scenario academy_3_vs_1_with_keeper --checkpoint-name mappo_academy_3_vs_1_with_keeper_500k.pt --resume training/models/mappo_academy_3_vs_1_with_keeper_500k.pt,
,,academy_3_vs_1_with_keeper,MAPPO,250880,,,,0.0003,0.00,0.2177,0.1738,23.20,100.00,30,True,C:\Users\USER\Documents\Project\GMN-Football-3-main\training\models\mappo_academy_3_vs_1_with_keeper_250880.pt,host=DESKTOP-JFT7577|user=USER|date=2026-09-06T03:51:24.254896|cmd=training/train_mappo.py --timesteps 500000 --scenario academy_3_vs_1_with_keeper --checkpoint-name mappo_academy_3_vs_1_with_keeper_500k.pt --resume training/models/mappo_academy_3_vs_1_with_keeper_500k.pt,
,,academy_3_vs_1_with_keeper,MAPPO,301056,,,,0.0003,0.00,0.2167,0.1732,10.10,100.00,30,True,C:\Users\USER\Documents\Project\GMN-Football-3-main\training\models\mappo_academy_3_vs_1_with_keeper_301056.pt,host=DESKTOP-JFT7577|user=USER|date=2026-09-06T03:56:33.566092|cmd=training/train_mappo.py --timesteps 500000 --scenario academy_3_vs_1_with_keeper --checkpoint-name mappo_academy_3_vs_1_with_keeper_500k.pt --resume training/models/mappo_academy_3_vs_1_with_keeper_500k.pt,
,,academy_3_vs_1_with_keeper,MAPPO,351232,,,,0.0003,0.00,0.2263,0.1725,19.97,100.00,30,True,C:\Users\USER\Documents\Project\GMN-Football-3-main\training\models\mappo_academy_3_vs_1_with_keeper_351232.pt,host=DESKTOP-JFT7577|user=USER|date=2026-09-06T04:01:36.815822|cmd=training/train_mappo.py --timesteps 500000 --scenario academy_3_vs_1_with_keeper --checkpoint-name mappo_academy_3_vs_1_with_keeper_500k.pt --resume training/models/mappo_academy_3_vs_1_with_keeper_500k.pt,
,,academy_3_vs_1_with_keeper,MAPPO,401408,,,,0.0003,0.00,0.2088,0.1728,10.90,100.00,30,True,C:\Users\USER\Documents\Project\GMN-Football-3-main\training\models\mappo_academy_3_vs_1_with_keeper_401408.pt,host=DESKTOP-JFT7577|user=USER|date=2026-09-06T04:06:33.235307|cmd=training/train_mappo.py --timesteps 500000 --scenario academy_3_vs_1_with_keeper --checkpoint-name mappo_academy_3_vs_1_with_keeper_500k.pt --resume training/models/mappo_academy_3_vs_1_with_keeper_500k.pt,
,,academy_3_vs_1_with_keeper,MAPPO,451584,,,,0.0003,0.00,0.2282,0.1738,14.63,100.00,30,True,C:\Users\USER\Documents\Project\GMN-Football-3-main\training\models\mappo_academy_3_vs_1_with_keeper_451584.pt,host=DESKTOP-JFT7577|user=USER|date=2026-09-06T04:11:35.511292|cmd=training/train_mappo.py --timesteps 500000 --scenario academy_3_vs_1_with_keeper --checkpoint-name mappo_academy_3_vs_1_with_keeper_500k.pt --resume training/models/mappo_academy_3_vs_1_with_keeper_500k.pt,
,,academy_3_vs_1_with_keeper,MAPPO,499968,,,,0.0003,2.00,0.2500,0.2348,19.40,98.00,50,True,C:\Users\USER\Documents\Project\GMN-Football-3-main\training\models\mappo_academy_3_vs_1_with_keeper_500k.pt,host=DESKTOP-JFT7577|user=USER|date=2026-09-06T04:16:30.250641|cmd=training/train_mappo.py --timesteps 500000 --scenario academy_3_vs_1_with_keeper --checkpoint-name mappo_academy_3_vs_1_with_keeper_500k.pt --resume training/models/mappo_academy_3_vs_1_with_keeper_500k.pt,
,,academy_3_vs_1_with_keeper,MAPPO,499968,,,,0.0003,6.67,0.2937,0.3358,3.00,93.33,30,True,training/models/mappo_academy_3_vs_1_with_keeper_500k.pt,host=DESKTOP-JFT7577|user=USER|date=2026-09-06T04:21:09.550844|cmd=-c,
,,0453d2dfc06372a3,b5d924e5bd98057ac3b13ae94295a4c32050cba22280e27dfdb6ed3b73eeed5d,academy_3_vs_1_with_keeper,,,,MAPPO,4864,3.1.0,simple115_v3_role,discrete19_v1,0.0003,0.00,0.0991,0.1189,0.12,
,,93a96307a860b8e2,9c5608b771178118ca16840db105dbf69e2b95762745a0879bd034d4be3c79e7,academy_3_vs_1_with_keeper,,,,MAPPO,4864,3.1.0,simple115_v3_role,discrete19_v1,0.0003,0.00,0.0774,0.1001,0.00,
,,93a96307a860b8e2,9c5608b771178118ca16840db105dbf69e2b95762745a0879bd034d4be3c79e7,academy_3_vs_1_with_keeper,,,,MAPPO,4864,3.1.0,simple115_v3_role,discrete19_v1,0.0003,0.00,0.0774,0.1001,0.00,
93a96307a860b8e2,9c5608b771178118ca16840db105dbf69e2b95762745a0879bd034d4be3c79e7,academy_3_vs_1_with_keeper,MAPPO,4864,3.1.0,simple115_v3_role,discrete19_v1,0.0003,0.00,0.0774,0.1001,0.00,100.00,10,True,training/models/mappo_academy_3_vs_1_with_keeper_smoke.pt,host=DESKTOP-JFT7577|user=USER|date=2026-09-06T04:56:34.441499|cmd=-c,d1cede628d04
3892393eb6598f62,29cbd768cb2e0137b7656286a5beab40ef4764989a14091ef6d0b994c9809aef,academy_3_vs_1_with_keeper,MAPPO,50176,3.1.0,simple115_v3_role,discrete19_v1,0.0003,0.00,0.1341,0.1764,3.40,100.00,30,True,C:\Users\USER\Documents\Project\GMN-Football-3-main\training\models\mappo_academy_3_vs_1_with_keeper_50176.pt,host=DESKTOP-JFT7577|user=USER|date=2026-09-06T07:49:15.810309|cmd=training/train_mappo.py --timesteps 500000 --scenario academy_3_vs_1_with_keeper --checkpoint-name mappo_academy_3_vs_1_with_keeper_shotquality.pt --seed 42,932ea915100f
9eee44312091adaf,afdc7528a2687fe4fde0bbb1e5c84e37517c8e9f5468139e794ea0b2614e3ac8,academy_3_vs_1_with_keeper,MAPPO,100352,3.1.0,simple115_v3_role,discrete19_v1,0.0003,26.67,0.4875,0.5617,27.57,73.33,30,True,C:\Users\USER\Documents\Project\GMN-Football-3-main\training\models\mappo_academy_3_vs_1_with_keeper_100352.pt,host=DESKTOP-JFT7577|user=USER|date=2026-09-06T07:53:28.734173|cmd=training/train_mappo.py --timesteps 500000 --scenario academy_3_vs_1_with_keeper --checkpoint-name mappo_academy_3_vs_1_with_keeper_shotquality.pt --seed 42,932ea915100f
a527c730998672e6,10f7ae8d9eda2b62c39d6c3be7de514351db936c26654819feef10db816435ce,academy_3_vs_1_with_keeper,MAPPO,150528,3.1.0,simple115_v3_role,discrete19_v1,0.0003,0.00,0.2263,0.1725,3.23,100.00,30,True,C:\Users\USER\Documents\Project\GMN-Football-3-main\training\models\mappo_academy_3_vs_1_with_keeper_150528.pt,host=DESKTOP-JFT7577|user=USER|date=2026-09-06T07:57:58.348624|cmd=training/train_mappo.py --timesteps 500000 --scenario academy_3_vs_1_with_keeper --checkpoint-name mappo_academy_3_vs_1_with_keeper_shotquality.pt --seed 42,932ea915100f
7ef28992cf0796d0,7a5bfc93e28058c41c91b8438d47481fba2a5e79db0efbf54d8984200e4d0278,academy_3_vs_1_with_keeper,MAPPO,200704,3.1.0,simple115_v3_role,discrete19_v1,0.0003,0.00,0.2079,0.1730,23.00,100.00,30,True,C:\Users\USER\Documents\Project\GMN-Football-3-main\training\models\mappo_academy_3_vs_1_with_keeper_200704.pt,host=DESKTOP-JFT7577|user=USER|date=2026-09-06T08:02:14.723664|cmd=training/train_mappo.py --timesteps 500000 --scenario academy_3_vs_1_with_keeper --checkpoint-name mappo_academy_3_vs_1_with_keeper_shotquality.pt --seed 42,932ea915100f
8face3bafe27b948,8f27ff99b77de650b55ebea8a235b2e262d3d6d15313dba4b4f7554ecc81daf4,academy_3_vs_1_with_keeper,MAPPO,250880,3.1.0,simple115_v3_role,discrete19_v1,0.0003,0.00,0.2073,0.1734,8.33,100.00,30,True,C:\Users\USER\Documents\Project\GMN-Football-3-main\training\models\mappo_academy_3_vs_1_with_keeper_250880.pt,host=DESKTOP-JFT7577|user=USER|date=2026-09-06T08:06:54.525248|cmd=training/train_mappo.py --timesteps 500000 --scenario academy_3_vs_1_with_keeper --checkpoint-name mappo_academy_3_vs_1_with_keeper_shotquality.pt --seed 42,932ea915100f
13cf5c686a83d23e,4c4229518987e48437a8ccd1e8521eebc96af1b188011889f49d3763adf9a5eb,academy_3_vs_1_with_keeper,MAPPO,301056,3.1.0,simple115_v3_role,discrete19_v1,0.0003,0.00,0.0829,0.1403,12.87,100.00,30,True,C:\Users\USER\Documents\Project\GMN-Football-3-main\training\models\mappo_academy_3_vs_1_with_keeper_301056.pt,host=DESKTOP-JFT7577|user=USER|date=2026-09-06T08:11:02.115593|cmd=training/train_mappo.py --timesteps 500000 --scenario academy_3_vs_1_with_keeper --checkpoint-name mappo_academy_3_vs_1_with_keeper_shotquality.pt --seed 42,932ea915100f
d86e2ee2712be990,846c78f9815e0c21ac184a42a80d8cc6446e66752484240b43b64daabab0ff77,academy_3_vs_1_with_keeper,MAPPO,351232,3.1.0,simple115_v3_role,discrete19_v1,0.0003,0.00,0.2084,0.1734,20.10,100.00,30,True,C:\Users\USER\Documents\Project\GMN-Football-3-main\training\models\mappo_academy_3_vs_1_with_keeper_351232.pt,host=DESKTOP-JFT7577|user=USER|date=2026-09-06T08:14:46.441807|cmd=training/train_mappo.py --timesteps 500000 --scenario academy_3_vs_1_with_keeper --checkpoint-name mappo_academy_3_vs_1_with_keeper_shotquality.pt --seed 42,932ea915100f
466ae404a5f8cb08,98f22734a169e95c8b4caac41acadbbd50e6017b2760e79f2e823bfa6e4d210d,academy_3_vs_1_with_keeper,MAPPO,401408,3.1.0,simple115_v3_role,discrete19_v1,0.0003,0.00,0.2070,0.1736,16.10,100.00,30,True,C:\Users\USER\Documents\Project\GMN-Football-3-main\training\models\mappo_academy_3_vs_1_with_keeper_401408.pt,host=DESKTOP-JFT7577|user=USER|date=2026-09-06T08:18:29.485677|cmd=training/train_mappo.py --timesteps 500000 --scenario academy_3_vs_1_with_keeper --checkpoint-name mappo_academy_3_vs_1_with_keeper_shotquality.pt --seed 42,932ea915100f
cbb776d35c77b108,f9baf7a48ea04b37cf19bfe24d5ce3034e5a6f56338770eac943be08fcd20543,academy_3_vs_1_with_keeper,MAPPO,451584,3.1.0,simple115_v3_role,discrete19_v1,0.0003,0.00,0.2161,0.1727,23.00,100.00,30,True,C:\Users\USER\Documents\Project\GMN-Football-3-main\training\models\mappo_academy_3_vs_1_with_keeper_451584.pt,host=DESKTOP-JFT7577|user=USER|date=2026-09-06T08:22:09.900985|cmd=training/train_mappo.py --timesteps 500000 --scenario academy_3_vs_1_with_keeper --checkpoint-name mappo_academy_3_vs_1_with_keeper_shotquality.pt --seed 42,932ea915100f
c191aa8509611f32,cb28f41d578d966af2f3038efa3c2f7dc8c8f7705fe2a3385ca437cffc13bafd,academy_3_vs_1_with_keeper,MAPPO,499968,3.1.0,simple115_v3_role,discrete19_v1,0.0003,0.00,0.2357,0.1698,10.72,100.00,50,True,C:\Users\USER\Documents\Project\GMN-Football-3-main\training\models\mappo_academy_3_vs_1_with_keeper_shotquality.pt,host=DESKTOP-JFT7577|user=USER|date=2026-09-06T08:25:43.316870|cmd=training/train_mappo.py --timesteps 500000 --scenario academy_3_vs_1_with_keeper --checkpoint-name mappo_academy_3_vs_1_with_keeper_shotquality.pt --seed 42,932ea915100f
732a1d93f5f4ba35,ec6d21f5a80d29436dcc661bbf44748f41da803ac5a23956d63d893ed2655f06,academy_3_vs_1_with_keeper,MAPPO,50176,3.1.0,simple115_v3_role,discrete19_v1,0.0003,3.33,0.1294,0.2589,0.20,96.67,30,True,C:\Users\USER\Documents\Project\GMN-Football-3-main\training\models\mappo_academy_3_vs_1_with_keeper_50176.pt,host=DESKTOP-JFT7577|user=USER|date=2026-09-06T11:54:00.203092|cmd=training/train_mappo.py --timesteps 500000 --scenario academy_3_vs_1_with_keeper --checkpoint-name mappo_academy_3_vs_1_with_keeper_seed43.pt --seed 43,41e705bdc4bb
1f790b1586a0758d,33fb7e37689c2aa2953e76e564e01348e42b3d67e84045d3e2a3cdf8da7038fc,academy_3_vs_1_with_keeper,MAPPO,50176,3.1.0,simple115_v3_role,discrete19_v1,0.0003,66.67,0.9202,0.6508,0.00,33.33,30,True,C:\Users\USER\Documents\Project\GMN-Football-3-main\training\models\mappo_academy_3_vs_1_with_keeper_50176.pt,host=DESKTOP-JFT7577|user=USER|date=2026-09-06T11:54:03.131103|cmd=training/train_mappo.py --timesteps 500000 --scenario academy_3_vs_1_with_keeper --checkpoint-name mappo_academy_3_vs_1_with_keeper_seed137.pt --seed 137,41e705bdc4bb
4714a2f26c489e81,99563fbaeadf0c7bf96819e88c61a75122e997f142b2eb7234503d27627e1c26,academy_3_vs_1_with_keeper,MAPPO,50176,3.1.0,simple115_v3_role,discrete19_v1,0.0003,0.00,0.1787,0.1491,0.37,100.00,30,True,C:\Users\USER\Documents\Project\GMN-Football-3-main\training\models\mappo_academy_3_vs_1_with_keeper_50176.pt,host=DESKTOP-JFT7577|user=USER|date=2026-09-06T11:54:03.638469|cmd=training/train_mappo.py --timesteps 500000 --scenario academy_3_vs_1_with_keeper --checkpoint-name mappo_academy_3_vs_1_with_keeper_seed44.pt --seed 44,41e705bdc4bb
de9a117284ade478,c4bcf62f7b165098cc5cec5ba081598c7a39dfd7f095fa9db096f03cc7e51249,academy_3_vs_1_with_keeper,MAPPO,100352,3.1.0,simple115_v3_role,discrete19_v1,0.0003,0.00,0.0742,0.0827,0.00,100.00,30,True,C:\Users\USER\Documents\Project\GMN-Football-3-main\training\models\mappo_academy_3_vs_1_with_keeper_100352.pt,host=DESKTOP-JFT7577|user=USER|date=2026-09-06T12:01:04.048807|cmd=training/train_mappo.py --timesteps 500000 --scenario academy_3_vs_1_with_keeper --checkpoint-name mappo_academy_3_vs_1_with_keeper_seed43.pt --seed 43,41e705bdc4bb
f0d41d7c0c7391fe,e58f0d1399b74987610207a7dc14b03c81f7b20358294b45ec21ed82fd83b84a,academy_3_vs_1_with_keeper,MAPPO,100352,3.1.0,simple115_v3_role,discrete19_v1,0.0003,0.00,0.0762,0.0997,0.00,100.00,30,True,C:\Users\USER\Documents\Project\GMN-Football-3-main\training\models\mappo_academy_3_vs_1_with_keeper_100352.pt,host=DESKTOP-JFT7577|user=USER|date=2026-09-06T12:01:10.598110|cmd=training/train_mappo.py --timesteps 500000 --scenario academy_3_vs_1_with_keeper --checkpoint-name mappo_academy_3_vs_1_with_keeper_seed137.pt --seed 137,41e705bdc4bb
aec1af98fa13eedc,e015fc1948f9127b2abc8d3483c7ffcef7d289f1907c87fbcd0e8d0223113671,academy_3_vs_1_with_keeper,MAPPO,100352,3.1.0,simple115_v3_role,discrete19_v1,0.0003,53.33,0.7588,0.6669,0.00,46.67,30,True,C:\Users\USER\Documents\Project\GMN-Football-3-main\training\models\mappo_academy_3_vs_1_with_keeper_100352.pt,host=DESKTOP-JFT7577|user=USER|date=2026-09-06T12:01:12.424631|cmd=training/train_mappo.py --timesteps 500000 --scenario academy_3_vs_1_with_keeper --checkpoint-name mappo_academy_3_vs_1_with_keeper_seed44.pt --seed 44,41e705bdc4bb
634b61d4c5765b2e,cf008715886ce822e1834695bdd39402bf035226397367773f9f96b815946b5e,academy_3_vs_1_with_keeper,MAPPO,150528,3.1.0,simple115_v3_role,discrete19_v1,0.0003,16.67,0.4032,0.4838,58.00,83.33,30,True,C:\Users\USER\Documents\Project\GMN-Football-3-main\training\models\mappo_academy_3_vs_1_with_keeper_150528.pt,host=DESKTOP-JFT7577|user=USER|date=2026-09-06T12:07:46.307515|cmd=training/train_mappo.py --timesteps 500000 --scenario academy_3_vs_1_with_keeper --checkpoint-name mappo_academy_3_vs_1_with_keeper_seed43.pt --seed 43,41e705bdc4bb
d7f3dd2ad9ccf7de,936a916f926c3638692c2bb717f18a74eb179d7ec20936b49404613d8514b1fb,academy_3_vs_1_with_keeper,MAPPO,150528,3.1.0,simple115_v3_role,discrete19_v1,0.0003,36.67,0.5348,0.6436,0.00,63.33,30,True,C:\Users\USER\Documents\Project\GMN-Football-3-main\training\models\mappo_academy_3_vs_1_with_keeper_150528.pt,host=DESKTOP-JFT7577|user=USER|date=2026-09-06T12:07:54.738269|cmd=training/train_mappo.py --timesteps 500000 --scenario academy_3_vs_1_with_keeper --checkpoint-name mappo_academy_3_vs_1_with_keeper_seed44.pt --seed 44,41e705bdc4bb
cd8ae29537e58ad5,19c702fd2a031800dcd942a2562869f51638d3e9b3c0689020b626c3d26ce1ea,academy_3_vs_1_with_keeper,MAPPO,150528,3.1.0,simple115_v3_role,discrete19_v1,0.0003,43.33,0.6734,0.6343,0.00,56.67,30,True,C:\Users\USER\Documents\Project\GMN-Football-3-main\training\models\mappo_academy_3_vs_1_with_keeper_150528.pt,host=DESKTOP-JFT7577|user=USER|date=2026-09-06T12:07:54.927133|cmd=training/train_mappo.py --timesteps 500000 --scenario academy_3_vs_1_with_keeper --checkpoint-name mappo_academy_3_vs_1_with_keeper_seed137.pt --seed 137,41e705bdc4bb
730fe8ccdec8707f,6db0df4afb97bde88e0eef786055a151255bf5570e16488b3341f94205b014ad,academy_3_vs_1_with_keeper,MAPPO,200704,3.1.0,simple115_v3_role,discrete19_v1,0.0003,3.33,0.2800,0.2770,28.50,96.67,30,True,C:\Users\USER\Documents\Project\GMN-Football-3-main\training\models\mappo_academy_3_vs_1_with_keeper_200704.pt,host=DESKTOP-JFT7577|user=USER|date=2026-09-06T12:14:21.343556|cmd=training/train_mappo.py --timesteps 500000 --scenario academy_3_vs_1_with_keeper --checkpoint-name mappo_academy_3_vs_1_with_keeper_seed43.pt --seed 43,41e705bdc4bb
20609c56ada942f8,a1531f001844a26076a8df0d2729e04f750a44298896c6ccc0b08e18ed0c1c38,academy_3_vs_1_with_keeper,MAPPO,200704,3.1.0,simple115_v3_role,discrete19_v1,0.0003,53.33,0.7594,0.6672,0.00,46.67,30,True,C:\Users\USER\Documents\Project\GMN-Football-3-main\training\models\mappo_academy_3_vs_1_with_keeper_200704.pt,host=DESKTOP-JFT7577|user=USER|date=2026-09-06T12:14:34.494701|cmd=training/train_mappo.py --timesteps 500000 --scenario academy_3_vs_1_with_keeper --checkpoint-name mappo_academy_3_vs_1_with_keeper_seed44.pt --seed 44,41e705bdc4bb
7e88f3db2998d00e,e3b0c44298fc1c149afbf4c8996fb92427ae41e4649b934ca495991b7852b855,academy_3_vs_1_with_keeper,MAPPO,200704,3.1.0,simple115_v3_role,discrete19_v1,0.0003,53.33,0.7594,0.6672,0.00,46.67,30,True,C:\Users\USER\Documents\Project\GMN-Football-3-main\training\models\mappo_academy_3_vs_1_with_keeper_200704.pt,host=DESKTOP-JFT7577|user=USER|date=2026-09-06T12:14:34.511497|cmd=training/train_mappo.py --timesteps 500000 --scenario academy_3_vs_1_with_keeper --checkpoint-name mappo_academy_3_vs_1_with_keeper_seed137.pt --seed 137,41e705bdc4bb
835c0a022061570e,31e5423a2ef0b7fca26c6565cb8ca3c9b1811f4faa1c3778c0face8aef05ed77,academy_3_vs_1_with_keeper,MAPPO,250880,3.1.0,simple115_v3_role,discrete19_v1,0.0003,6.67,0.2989,0.3454,15.47,93.33,30,True,C:\Users\USER\Documents\Project\GMN-Football-3-main\training\models\mappo_academy_3_vs_1_with_keeper_250880.pt,host=DESKTOP-JFT7577|user=USER|date=2026-09-06T12:21:52.484012|cmd=training/train_mappo.py --timesteps 500000 --scenario academy_3_vs_1_with_keeper --checkpoint-name mappo_academy_3_vs_1_with_keeper_seed43.pt --seed 43,41e705bdc4bb
286f0457a3534d48,61426076ec5928e770f493579edb7aa279440d5a39bc63ee7074443c7bb3eac1,academy_3_vs_1_with_keeper,MAPPO,250880,3.1.0,simple115_v3_role,discrete19_v1,0.0003,53.33,0.7597,0.6674,0.00,46.67,30,True,C:\Users\USER\Documents\Project\GMN-Football-3-main\training\models\mappo_academy_3_vs_1_with_keeper_250880.pt,host=DESKTOP-JFT7577|user=USER|date=2026-09-06T12:22:18.135655|cmd=training/train_mappo.py --timesteps 500000 --scenario academy_3_vs_1_with_keeper --checkpoint-name mappo_academy_3_vs_1_with_keeper_seed44.pt --seed 44,41e705bdc4bb
876363ecc22f8367,ae6f3e4bf03b7ff403f63bc482b0e69bf50fd8df3d6ced3adf560a3b15f4b906,academy_3_vs_1_with_keeper,MAPPO,250880,3.1.0,simple115_v3_role,discrete19_v1,0.0003,23.33,0.4357,0.5450,133.27,76.67,30,True,C:\Users\USER\Documents\Project\GMN-Football-3-main\training\models\mappo_academy_3_vs_1_with_keeper_250880.pt,host=DESKTOP-JFT7577|user=USER|date=2026-09-06T12:22:18.900681|cmd=training/train_mappo.py --timesteps 500000 --scenario academy_3_vs_1_with_keeper --checkpoint-name mappo_academy_3_vs_1_with_keeper_seed137.pt --seed 137,41e705bdc4bb
8644df59592027cf,caf11f2715d84118dace00ce81bfcfe4d202571e15436744629b1fb2a4b5c8e5,academy_3_vs_1_with_keeper,MAPPO,301056,3.1.0,simple115_v3_role,discrete19_v1,0.0003,3.33,0.2512,0.2800,8.97,96.67,30,True,C:\Users\USER\Documents\Project\GMN-Football-3-main\training\models\mappo_academy_3_vs_1_with_keeper_301056.pt,host=DESKTOP-JFT7577|user=USER|date=2026-09-06T12:29:07.868211|cmd=training/train_mappo.py --timesteps 500000 --scenario academy_3_vs_1_with_keeper --checkpoint-name mappo_academy_3_vs_1_with_keeper_seed43.pt --seed 43,41e705bdc4bb
415e3b3b7d683eb3,cfbd71b11b554f05840c7a5fdac08aeb6099ade66d7c14327d56ce88c2b4c56a,academy_3_vs_1_with_keeper,MAPPO,301056,3.1.0,simple115_v3_role,discrete19_v1,0.0003,36.67,0.5862,0.6316,0.83,63.33,30,True,C:\Users\USER\Documents\Project\GMN-Football-3-main\training\models\mappo_academy_3_vs_1_with_keeper_301056.pt,host=DESKTOP-JFT7577|user=USER|date=2026-09-06T12:29:24.028663|cmd=training/train_mappo.py --timesteps 500000 --scenario academy_3_vs_1_with_keeper --checkpoint-name mappo_academy_3_vs_1_with_keeper_seed137.pt --seed 137,41e705bdc4bb
4734b772de48f512,962cd765561113ce3bbcdd2376387eb2bd3f6afc60c8ed2753cac1386dda1205,academy_3_vs_1_with_keeper,MAPPO,301056,3.1.0,simple115_v3_role,discrete19_v1,0.0003,53.33,0.7597,0.6674,0.00,46.67,30,True,C:\Users\USER\Documents\Project\GMN-Football-3-main\training\models\mappo_academy_3_vs_1_with_keeper_301056.pt,host=DESKTOP-JFT7577|user=USER|date=2026-09-06T12:29:24.208396|cmd=training/train_mappo.py --timesteps 500000 --scenario academy_3_vs_1_with_keeper --checkpoint-name mappo_academy_3_vs_1_with_keeper_seed44.pt --seed 44,41e705bdc4bb
981435b69f08b583,9190bf82ed9f96ef331fc6a5436218d0e555e76839cd04951b3d26897d5dad72,academy_3_vs_1_with_keeper,MAPPO,351232,3.1.0,simple115_v3_role,discrete19_v1,0.0003,3.33,0.2624,0.2800,8.27,96.67,30,True,C:\Users\USER\Documents\Project\GMN-Football-3-main\training\models\mappo_academy_3_vs_1_with_keeper_351232.pt,host=DESKTOP-JFT7577|user=USER|date=2026-09-06T12:36:20.289268|cmd=training/train_mappo.py --timesteps 500000 --scenario academy_3_vs_1_with_keeper --checkpoint-name mappo_academy_3_vs_1_with_keeper_seed43.pt --seed 43,41e705bdc4bb
bd9ed107dac221c1,5d1dc52aab08596cda897d103c60b7b9d931d206cbd91011e74ad042c7be97e1,academy_3_vs_1_with_keeper,MAPPO,351232,3.1.0,simple115_v3_role,discrete19_v1,0.0003,26.67,0.4017,0.5910,0.00,73.33,30,True,C:\Users\USER\Documents\Project\GMN-Football-3-main\training\models\mappo_academy_3_vs_1_with_keeper_351232.pt,host=DESKTOP-JFT7577|user=USER|date=2026-09-06T12:36:41.145505|cmd=training/train_mappo.py --timesteps 500000 --scenario academy_3_vs_1_with_keeper --checkpoint-name mappo_academy_3_vs_1_with_keeper_seed44.pt --seed 44,41e705bdc4bb
765f103e613b7485,2a0fa603b3b84845a58490ac4c8e3e795ba68c7d82da4474fdef5aa3b1404a9d,academy_3_vs_1_with_keeper,MAPPO,351232,3.1.0,simple115_v3_role,discrete19_v1,0.0003,46.67,0.7076,0.6474,0.40,53.33,30,True,C:\Users\USER\Documents\Project\GMN-Football-3-main\training\models\mappo_academy_3_vs_1_with_keeper_351232.pt,host=DESKTOP-JFT7577|user=USER|date=2026-09-06T12:36:46.818850|cmd=training/train_mappo.py --timesteps 500000 --scenario academy_3_vs_1_with_keeper --checkpoint-name mappo_academy_3_vs_1_with_keeper_seed137.pt --seed 137,41e705bdc4bb
124c332c7c8e995c,eefce069cb580318f1c4a8c57d42500f93505dedf84c37db84a5398c57f9d6be,academy_3_vs_1_with_keeper,MAPPO,401408,3.1.0,simple115_v3_role,discrete19_v1,0.0003,3.33,0.2587,0.2806,11.87,96.67,30,True,C:\Users\USER\Documents\Project\GMN-Football-3-main\training\models\mappo_academy_3_vs_1_with_keeper_401408.pt,host=DESKTOP-JFT7577|user=USER|date=2026-09-06T12:43:12.860738|cmd=training/train_mappo.py --timesteps 500000 --scenario academy_3_vs_1_with_keeper --checkpoint-name mappo_academy_3_vs_1_with_keeper_seed43.pt --seed 43,41e705bdc4bb
a8a2fa7fd9a976cb,4c12d054b084439c1c3a30a1bee76f8c8fb32836ea40484983ca72530f29666c,academy_3_vs_1_with_keeper,MAPPO,401408,3.1.0,simple115_v3_role,discrete19_v1,0.0003,26.67,0.3858,0.5945,0.00,73.33,30,True,C:\Users\USER\Documents\Project\GMN-Football-3-main\training\models\mappo_academy_3_vs_1_with_keeper_401408.pt,host=DESKTOP-JFT7577|user=USER|date=2026-09-06T12:43:33.977913|cmd=training/train_mappo.py --timesteps 500000 --scenario academy_3_vs_1_with_keeper --checkpoint-name mappo_academy_3_vs_1_with_keeper_seed44.pt --seed 44,41e705bdc4bb
be28eec47dfc6db5,fd13f1ee95727f44e1f3b2f0a032a194713d567f78a5543eef5a3286a2353ccd,academy_3_vs_1_with_keeper,MAPPO,401408,3.1.0,simple115_v3_role,discrete19_v1,0.0003,0.00,0.1847,0.1728,0.00,100.00,30,True,C:\Users\USER\Documents\Project\GMN-Football-3-main\training\models\mappo_academy_3_vs_1_with_keeper_401408.pt,host=DESKTOP-JFT7577|user=USER|date=2026-09-06T12:43:42.361390|cmd=training/train_mappo.py --timesteps 500000 --scenario academy_3_vs_1_with_keeper --checkpoint-name mappo_academy_3_vs_1_with_keeper_seed137.pt --seed 137,41e705bdc4bb
60878cf83b1122ce,d25c55a11e79970e6d1378b97dce3007317de84c55a2509bddacff83ad182ff2,academy_3_vs_1_with_keeper,MAPPO,451584,3.1.0,simple115_v3_role,discrete19_v1,0.0003,3.33,0.2347,0.2804,9.03,96.67,30,True,C:\Users\USER\Documents\Project\GMN-Football-3-main\training\models\mappo_academy_3_vs_1_with_keeper_451584.pt,host=DESKTOP-JFT7577|user=USER|date=2026-09-06T12:50:34.941657|cmd=training/train_mappo.py --timesteps 500000 --scenario academy_3_vs_1_with_keeper --checkpoint-name mappo_academy_3_vs_1_with_keeper_seed43.pt --seed 43,41e705bdc4bb
059f6188857c4c67,e20c623967cb9afc3e52873b49239b1929c0ec11475e5a817fef0dfd4f4a4cbd,academy_3_vs_1_with_keeper,MAPPO,451584,3.1.0,simple115_v3_role,discrete19_v1,0.0003,16.67,0.2668,0.5141,0.00,83.33,30,True,C:\Users\USER\Documents\Project\GMN-Football-3-main\training\models\mappo_academy_3_vs_1_with_keeper_451584.pt,host=DESKTOP-JFT7577|user=USER|date=2026-09-06T12:50:57.423381|cmd=training/train_mappo.py --timesteps 500000 --scenario academy_3_vs_1_with_keeper --checkpoint-name mappo_academy_3_vs_1_with_keeper_seed44.pt --seed 44,41e705bdc4bb
823d5809e5972ae7,0dd3922785df0fa8fbb07ad115a5d6f17b75736b3db3e4b721af435b2177194f,academy_3_vs_1_with_keeper,MAPPO,451584,3.1.0,simple115_v3_role,discrete19_v1,0.0003,33.33,0.5086,0.6263,0.00,66.67,30,True,C:\Users\USER\Documents\Project\GMN-Football-3-main\training\models\mappo_academy_3_vs_1_with_keeper_451584.pt,host=DESKTOP-JFT7577|user=USER|date=2026-09-06T12:51:10.663258|cmd=training/train_mappo.py --timesteps 500000 --scenario academy_3_vs_1_with_keeper --checkpoint-name mappo_academy_3_vs_1_with_keeper_seed137.pt --seed 137,41e705bdc4bb
4c673257652bd729,498ba584376edd189883b4a70244087f2d5f4b4dc8b3033d5f89e3951bb2ec54,academy_3_vs_1_with_keeper,MAPPO,499968,3.1.0,simple115_v3_role,discrete19_v1,0.0003,6.00,0.2963,0.3350,13.26,94.00,50,True,C:\Users\USER\Documents\Project\GMN-Football-3-main\training\models\mappo_academy_3_vs_1_with_keeper_seed43.pt,host=DESKTOP-JFT7577|user=USER|date=2026-09-06T12:57:25.679007|cmd=training/train_mappo.py --timesteps 500000 --scenario academy_3_vs_1_with_keeper --checkpoint-name mappo_academy_3_vs_1_with_keeper_seed43.pt --seed 43,41e705bdc4bb
dfaeb6e3ae93cdb4,7e910f2c69173375453f36d337f4785f13a998d93fff0dcfaec0598f7b9fb659,academy_3_vs_1_with_keeper,MAPPO,499968,3.1.0,simple115_v3_role,discrete19_v1,0.0003,56.00,0.7985,0.6579,0.00,44.00,50,True,C:\Users\USER\Documents\Project\GMN-Football-3-main\training\models\mappo_academy_3_vs_1_with_keeper_seed44.pt,host=DESKTOP-JFT7577|user=USER|date=2026-09-06T12:57:52.619065|cmd=training/train_mappo.py --timesteps 500000 --scenario academy_3_vs_1_with_keeper --checkpoint-name mappo_academy_3_vs_1_with_keeper_seed44.pt --seed 44,41e705bdc4bb
86db13bd71c7be21,7515b8597ce29ad55e0f76ab04a031e992e6662d95d9d802c0ad21b31561e6fc,academy_3_vs_1_with_keeper,MAPPO,499968,3.1.0,simple115_v3_role,discrete19_v1,0.0003,50.00,0.7159,0.6661,0.00,50.00,50,True,C:\Users\USER\Documents\Project\GMN-Football-3-main\training\models\mappo_academy_3_vs_1_with_keeper_seed137.pt,host=DESKTOP-JFT7577|user=USER|date=2026-09-06T12:58:04.082336|cmd=training/train_mappo.py --timesteps 500000 --scenario academy_3_vs_1_with_keeper --checkpoint-name mappo_academy_3_vs_1_with_keeper_seed137.pt --seed 137,41e705bdc4bb
144f0d0a47841c83,cbb7a5c3f3a22a59df33096e71fcd64affbe8a6405b20defc20fe5185b03f560,academy_empty_goal,MAPPO,768,3.1.0,simple115_v3_role,discrete19_v1,3e-05,0.00,0.0012,0.0027,0.00,100.00,50,True,C:\Users\USER\Documents\Project\GMN-Football-3-main\training\models\smoke_test.pt,host=DESKTOP-JFT7577|user=USER|date=2026-09-06T13:18:43.382787|cmd=training/train_mappo.py --timesteps 1000 --scenario academy_empty_goal --checkpoint-name smoke_test.pt --seed 42,41e705bdc4bb
5d5d34b37a2822bf,ef23d1f69af814d0eb480bb5cf76cd56e411c12a9d14720e4ee2a29935e0623d,academy_3_vs_1_with_keeper,MAPPO,50176,3.1.0,simple115_v3_role,discrete19_v1,0.000293346,0.00,0.1212,0.1382,0.00,100.00,30,True,C:\Users\USER\Documents\Project\GMN-Football-3-main\training\models\mappo_academy_3_vs_1_with_keeper_50176.pt,host=DESKTOP-JFT7577|user=USER|date=2026-09-06T13:33:33.205782|cmd=training/train_mappo.py --timesteps 500000 --scenario academy_3_vs_1_with_keeper --checkpoint-name mappo_academy_3_vs_1_with_keeper_seed44.pt --seed 44,41e705bdc4bb
6b86f4796a5afaae,b7f912d307155b16abdeb7e7b6f63c72d2bc38376ab42638c58b3e653485e0fe,academy_3_vs_1_with_keeper,MAPPO,50176,3.1.0,simple115_v3_role,discrete19_v1,0.000293346,6.67,0.1705,0.3404,26.50,93.33,30,True,C:\Users\USER\Documents\Project\GMN-Football-3-main\training\models\mappo_academy_3_vs_1_with_keeper_50176.pt,host=DESKTOP-JFT7577|user=USER|date=2026-09-06T13:33:35.410763|cmd=training/train_mappo.py --timesteps 500000 --scenario academy_3_vs_1_with_keeper --checkpoint-name mappo_academy_3_vs_1_with_keeper_seed42.pt --seed 42,41e705bdc4bb
27d88a588d0cf81d,8e75253d78abdfbd1b62962fa948b788a7dfffffd3043295472f7a5e5b4e821e,academy_3_vs_1_with_keeper,MAPPO,50176,3.1.0,simple115_v3_role,discrete19_v1,0.000293346,6.67,0.1187,0.3465,34.90,93.33,30,True,C:\Users\USER\Documents\Project\GMN-Football-3-main\training\models\mappo_academy_3_vs_1_with_keeper_50176.pt,host=DESKTOP-JFT7577|user=USER|date=2026-09-06T13:33:35.993883|cmd=training/train_mappo.py --timesteps 500000 --scenario academy_3_vs_1_with_keeper --checkpoint-name mappo_academy_3_vs_1_with_keeper_seed137.pt --seed 137,41e705bdc4bb
21edc15d6c8a44e4,96630820c8802c6893dd17e9498dc84070735bb1696af3037595b7a97c03fb8f,academy_3_vs_1_with_keeper,MAPPO,50176,3.1.0,simple115_v3_role,discrete19_v1,0.000293346,10.00,0.2089,0.4168,3.40,90.00,30,True,C:\Users\USER\Documents\Project\GMN-Football-3-main\training\models\mappo_academy_3_vs_1_with_keeper_50176.pt,host=DESKTOP-JFT7577|user=USER|date=2026-09-06T13:33:40.503782|cmd=training/train_mappo.py --timesteps 500000 --scenario academy_3_vs_1_with_keeper --checkpoint-name mappo_academy_3_vs_1_with_keeper_seed43.pt --seed 43,41e705bdc4bb
25db741552093d33,2b17add4de50ec1e200ed9df48a885c11bb6ac076a2855708ae78ea614a7f058,academy_3_vs_1_with_keeper,MAPPO,100352,3.1.0,simple115_v3_role,discrete19_v1,0.000274038,6.67,0.1344,0.3408,27.53,93.33,30,True,C:\Users\USER\Documents\Project\GMN-Football-3-main\training\models\mappo_academy_3_vs_1_with_keeper_100352.pt,host=DESKTOP-JFT7577|user=USER|date=2026-09-06T13:39:40.706159|cmd=training/train_mappo.py --timesteps 500000 --scenario academy_3_vs_1_with_keeper --checkpoint-name mappo_academy_3_vs_1_with_keeper_seed42.pt --seed 42,41e705bdc4bb
2c9984f11e816f22,9561b22e1159566f879b35b4bb53d83bba2b845953bf1d176329bbe97ef98ae1,academy_3_vs_1_with_keeper,MAPPO,100352,3.1.0,simple115_v3_role,discrete19_v1,0.000274038,0.00,0.1221,0.1074,1.30,100.00,30,True,C:\Users\USER\Documents\Project\GMN-Football-3-main\training\models\mappo_academy_3_vs_1_with_keeper_100352.pt,host=DESKTOP-JFT7577|user=USER|date=2026-09-06T13:39:40.854389|cmd=training/train_mappo.py --timesteps 500000 --scenario academy_3_vs_1_with_keeper --checkpoint-name mappo_academy_3_vs_1_with_keeper_seed44.pt --seed 44,41e705bdc4bb
a101bbad4d4a1dd6,24f389dfc7feff43a06870e3baa79a58a5ebc698101434b6f3b84d6178ea9fc1,academy_3_vs_1_with_keeper,MAPPO,100352,3.1.0,simple115_v3_role,discrete19_v1,0.000274038,10.00,0.1770,0.4102,21.90,90.00,30,True,C:\Users\USER\Documents\Project\GMN-Football-3-main\training\models\mappo_academy_3_vs_1_with_keeper_100352.pt,host=DESKTOP-JFT7577|user=USER|date=2026-09-06T13:39:41.025551|cmd=training/train_mappo.py --timesteps 500000 --scenario academy_3_vs_1_with_keeper --checkpoint-name mappo_academy_3_vs_1_with_keeper_seed137.pt --seed 137,41e705bdc4bb
b9d0d158c0a488f7,02e69aab8c14c3257ad9b9229404e61799074642975a58859834db98fda6b172,academy_3_vs_1_with_keeper,MAPPO,100352,3.1.0,simple115_v3_role,discrete19_v1,0.000274038,23.33,0.4384,0.5396,0.10,76.67,30,True,C:\Users\USER\Documents\Project\GMN-Football-3-main\training\models\mappo_academy_3_vs_1_with_keeper_100352.pt,host=DESKTOP-JFT7577|user=USER|date=2026-09-06T13:39:53.783146|cmd=training/train_mappo.py --timesteps 500000 --scenario academy_3_vs_1_with_keeper --checkpoint-name mappo_academy_3_vs_1_with_keeper_seed43.pt --seed 43,41e705bdc4bb
47321c64617d7f45,42db176603c4963ff0e89df1a5026777d789297144aab4933ae58b8b839e58bb,academy_3_vs_1_with_keeper,MAPPO,150528,3.1.0,simple115_v3_role,discrete19_v1,0.000243982,0.00,0.1401,0.1649,1.00,100.00,30,True,C:\Users\USER\Documents\Project\GMN-Football-3-main\training\models\mappo_academy_3_vs_1_with_keeper_150528.pt,host=DESKTOP-JFT7577|user=USER|date=2026-09-06T13:46:22.674263|cmd=training/train_mappo.py --timesteps 500000 --scenario academy_3_vs_1_with_keeper --checkpoint-name mappo_academy_3_vs_1_with_keeper_seed42.pt --seed 42,41e705bdc4bb
ea0ee00bf8c06e5b,8fb05aeeb628500f810bf259ec6f33a760794eb08314cccd457685395adae082,academy_3_vs_1_with_keeper,MAPPO,150528,3.1.0,simple115_v3_role,discrete19_v1,0.000243982,10.00,0.2525,0.4072,2.47,90.00,30,True,C:\Users\USER\Documents\Project\GMN-Football-3-main\training\models\mappo_academy_3_vs_1_with_keeper_150528.pt,host=DESKTOP-JFT7577|user=USER|date=2026-09-06T13:46:22.791543|cmd=training/train_mappo.py --timesteps 500000 --scenario academy_3_vs_1_with_keeper --checkpoint-name mappo_academy_3_vs_1_with_keeper_seed44.pt --seed 44,41e705bdc4bb
3aa97ac9e5027117,e2f1d04ac90d02c47004a394d35f903158b173b9f2219b317b52a52108914187,academy_3_vs_1_with_keeper,MAPPO,150528,3.1.0,simple115_v3_role,discrete19_v1,0.000243982,3.33,0.1528,0.2774,0.53,96.67,30,True,C:\Users\USER\Documents\Project\GMN-Football-3-main\training\models\mappo_academy_3_vs_1_with_keeper_150528.pt,host=DESKTOP-JFT7577|user=USER|date=2026-09-06T13:46:23.547464|cmd=training/train_mappo.py --timesteps 500000 --scenario academy_3_vs_1_with_keeper --checkpoint-name mappo_academy_3_vs_1_with_keeper_seed137.pt --seed 137,41e705bdc4bb
568b2cc53ff8d654,5755d3a3eca167726e8f92056bcf38fcc40f18313a5058a3358513067153dc0d,academy_3_vs_1_with_keeper,MAPPO,150528,3.1.0,simple115_v3_role,discrete19_v1,0.000243982,13.33,0.3786,0.4377,4.87,86.67,30,True,C:\Users\USER\Documents\Project\GMN-Football-3-main\training\models\mappo_academy_3_vs_1_with_keeper_150528.pt,host=DESKTOP-JFT7577|user=USER|date=2026-09-06T13:46:49.242409|cmd=training/train_mappo.py --timesteps 500000 --scenario academy_3_vs_1_with_keeper --checkpoint-name mappo_academy_3_vs_1_with_keeper_seed43.pt --seed 43,41e705bdc4bb
6cb35c562307e7e5,2b57359533ec7df6c8f908bf4f4cee2145ed680f722f27b45583708b1d3f4153,academy_3_vs_1_with_keeper,MAPPO,200704,3.1.0,simple115_v3_role,discrete19_v1,0.000206139,23.33,0.4197,0.5664,11.60,76.67,30,True,C:\Users\USER\Documents\Project\GMN-Football-3-main\training\models\mappo_academy_3_vs_1_with_keeper_200704.pt,host=DESKTOP-JFT7577|user=USER|date=2026-09-06T13:53:39.961298|cmd=training/train_mappo.py --timesteps 500000 --scenario academy_3_vs_1_with_keeper --checkpoint-name mappo_academy_3_vs_1_with_keeper_seed42.pt --seed 42,41e705bdc4bb
d9bcf716b7e9c781,9082fa9c379a8fe1e1fa540b877a372dba2170bc9a50867bc6ba5880c4e48583,academy_3_vs_1_with_keeper,MAPPO,200704,3.1.0,simple115_v3_role,discrete19_v1,0.000206139,16.67,0.3643,0.4990,1.40,83.33,30,True,C:\Users\USER\Documents\Project\GMN-Football-3-main\training\models\mappo_academy_3_vs_1_with_keeper_200704.pt,host=DESKTOP-JFT7577|user=USER|date=2026-09-06T13:53:41.256984|cmd=training/train_mappo.py --timesteps 500000 --scenario academy_3_vs_1_with_keeper --checkpoint-name mappo_academy_3_vs_1_with_keeper_seed44.pt --seed 44,41e705bdc4bb
22f7583157b97f3d,ed7e0a6c30bcc0c48ac280e06e8c634bf1aeaad4eecf7fc6bc3c9c49b0eb5e11,academy_3_vs_1_with_keeper,MAPPO,200704,3.1.0,simple115_v3_role,discrete19_v1,0.000206139,26.67,0.4205,0.6023,1.80,73.33,30,True,C:\Users\USER\Documents\Project\GMN-Football-3-main\training\models\mappo_academy_3_vs_1_with_keeper_200704.pt,host=DESKTOP-JFT7577|user=USER|date=2026-09-06T13:53:44.541795|cmd=training/train_mappo.py --timesteps 500000 --scenario academy_3_vs_1_with_keeper --checkpoint-name mappo_academy_3_vs_1_with_keeper_seed137.pt --seed 137,41e705bdc4bb
a9c44250fc9f24e5,b21791a9dedcff8ecd60525bbdc6154101f80a0070ebb327407e6c3fdc34281e,academy_3_vs_1_with_keeper,MAPPO,200704,3.1.0,simple115_v3_role,discrete19_v1,0.000206139,3.33,0.2226,0.2631,17.10,96.67,30,True,C:\Users\USER\Documents\Project\GMN-Football-3-main\training\models\mappo_academy_3_vs_1_with_keeper_200704.pt,host=DESKTOP-JFT7577|user=USER|date=2026-09-06T13:54:08.978421|cmd=training/train_mappo.py --timesteps 500000 --scenario academy_3_vs_1_with_keeper --checkpoint-name mappo_academy_3_vs_1_with_keeper_seed43.pt --seed 43,41e705bdc4bb
c02ac1321e74f7fd,2ef05f820f2859c52bd6e7ea1be92bb265e06c07ebb1b81be0747179808cf13d,academy_3_vs_1_with_keeper,MAPPO,250880,3.1.0,simple115_v3_role,discrete19_v1,0.00016424,3.33,0.2750,0.2792,3.93,96.67,30,True,C:\Users\USER\Documents\Project\GMN-Football-3-main\training\models\mappo_academy_3_vs_1_with_keeper_250880.pt,host=DESKTOP-JFT7577|user=USER|date=2026-09-06T14:00:10.570909|cmd=training/train_mappo.py --timesteps 500000 --scenario academy_3_vs_1_with_keeper --checkpoint-name mappo_academy_3_vs_1_with_keeper_seed42.pt --seed 42,41e705bdc4bb
2dc51f40dbbbffba,180a3cc12ebb3a0f019e5d69b83d213e2f77a01fa56b2693c1496aa8ec419195,academy_3_vs_1_with_keeper,MAPPO,250880,3.1.0,simple115_v3_role,discrete19_v1,0.00016424,10.00,0.1899,0.4126,4.97,90.00,30,True,C:\Users\USER\Documents\Project\GMN-Football-3-main\training\models\mappo_academy_3_vs_1_with_keeper_250880.pt,host=DESKTOP-JFT7577|user=USER|date=2026-09-06T14:00:15.388630|cmd=training/train_mappo.py --timesteps 500000 --scenario academy_3_vs_1_with_keeper --checkpoint-name mappo_academy_3_vs_1_with_keeper_seed137.pt --seed 137,41e705bdc4bb
f80bf1bc03768972,c82b365fed81dd6d291b06ad73e33ae8931e39f90b3c7d260250dfc3e2caa761,academy_3_vs_1_with_keeper,MAPPO,250880,3.1.0,simple115_v3_role,discrete19_v1,0.00016424,16.67,0.4249,0.4721,3.20,83.33,30,True,C:\Users\USER\Documents\Project\GMN-Football-3-main\training\models\mappo_academy_3_vs_1_with_keeper_250880.pt,host=DESKTOP-JFT7577|user=USER|date=2026-09-06T14:00:21.704722|cmd=training/train_mappo.py --timesteps 500000 --scenario academy_3_vs_1_with_keeper --checkpoint-name mappo_academy_3_vs_1_with_keeper_seed44.pt --seed 44,41e705bdc4bb
20ea4c0ac6312f3e,c90db3866de43558786e24dcddcc9d6068262859ad91ecd7e6e2578557b6f938,academy_3_vs_1_with_keeper,MAPPO,250880,3.1.0,simple115_v3_role,discrete19_v1,0.00016424,3.33,0.2241,0.2811,10.43,96.67,30,True,C:\Users\USER\Documents\Project\GMN-Football-3-main\training\models\mappo_academy_3_vs_1_with_keeper_250880.pt,host=DESKTOP-JFT7577|user=USER|date=2026-09-06T14:00:48.182699|cmd=training/train_mappo.py --timesteps 500000 --scenario academy_3_vs_1_with_keeper --checkpoint-name mappo_academy_3_vs_1_with_keeper_seed43.pt --seed 43,41e705bdc4bb
feb7783e33e95640,e25692b47cb5d1da3bd0fa68d3819ed7e6d6b63e321510d69ad0363f539141ca,academy_3_vs_1_with_keeper,MAPPO,301056,3.1.0,simple115_v3_role,discrete19_v1,0.000122416,3.33,0.2754,0.2760,2.50,96.67,30,True,C:\Users\USER\Documents\Project\GMN-Football-3-main\training\models\mappo_academy_3_vs_1_with_keeper_301056.pt,host=DESKTOP-JFT7577|user=USER|date=2026-09-06T14:06:47.697274|cmd=training/train_mappo.py --timesteps 500000 --scenario academy_3_vs_1_with_keeper --checkpoint-name mappo_academy_3_vs_1_with_keeper_seed42.pt --seed 42,41e705bdc4bb
f53939357fbf032c,02c42181587db63fe96d63e2814bc013e55df7397ace142b2d19a95ec09335d1,academy_3_vs_1_with_keeper,MAPPO,301056,3.1.0,simple115_v3_role,discrete19_v1,0.000122416,26.67,0.4087,0.6039,100.90,73.33,30,True,C:\Users\USER\Documents\Project\GMN-Football-3-main\training\models\mappo_academy_3_vs_1_with_keeper_301056.pt,host=DESKTOP-JFT7577|user=USER|date=2026-09-06T14:06:53.635298|cmd=training/train_mappo.py --timesteps 500000 --scenario academy_3_vs_1_with_keeper --checkpoint-name mappo_academy_3_vs_1_with_keeper_seed137.pt --seed 137,41e705bdc4bb
7d73242ed6a79deb,943f823d5c7b41b2eca87be6b2003b2af413c060332e82c7ffa476ec5e7627b2,academy_3_vs_1_with_keeper,MAPPO,301056,3.1.0,simple115_v3_role,discrete19_v1,0.000122416,3.33,0.2281,0.2915,63.47,96.67,30,True,C:\Users\USER\Documents\Project\GMN-Football-3-main\training\models\mappo_academy_3_vs_1_with_keeper_301056.pt,host=DESKTOP-JFT7577|user=USER|date=2026-09-06T14:07:05.717637|cmd=training/train_mappo.py --timesteps 500000 --scenario academy_3_vs_1_with_keeper --checkpoint-name mappo_academy_3_vs_1_with_keeper_seed44.pt --seed 44,41e705bdc4bb
80d0d06ec80397b8,feb1d415b3f70418bdf790876865108fc7bf29b2619b97078a41643faf036eba,academy_3_vs_1_with_keeper,MAPPO,301056,3.1.0,simple115_v3_role,discrete19_v1,0.000122416,46.67,0.7248,0.6452,21.27,53.33,30,True,C:\Users\USER\Documents\Project\GMN-Football-3-main\training\models\mappo_academy_3_vs_1_with_keeper_301056.pt,host=DESKTOP-JFT7577|user=USER|date=2026-09-06T14:07:32.573333|cmd=training/train_mappo.py --timesteps 500000 --scenario academy_3_vs_1_with_keeper --checkpoint-name mappo_academy_3_vs_1_with_keeper_seed43.pt --seed 43,41e705bdc4bb
1cd9d66f55223e80,1674f5b2d407bbd48eeeb80ea806d99b978701e46f0b1fc118508b9020a951ea,academy_3_vs_1_with_keeper,MAPPO,351232,3.1.0,simple115_v3_role,discrete19_v1,8.47906e-05,30.00,0.5489,0.5825,15.73,70.00,30,True,C:\Users\USER\Documents\Project\GMN-Football-3-main\training\models\mappo_academy_3_vs_1_with_keeper_351232.pt,host=DESKTOP-JFT7577|user=USER|date=2026-09-06T14:14:49.489342|cmd=training/train_mappo.py --timesteps 500000 --scenario academy_3_vs_1_with_keeper --checkpoint-name mappo_academy_3_vs_1_with_keeper_seed42.pt --seed 42,41e705bdc4bb
66a041db89cffbe4,70e7daa8cbfee7ebb135c50949d7c613b47e7a8d57abd406a0cc641675136164,academy_3_vs_1_with_keeper,MAPPO,351232,3.1.0,simple115_v3_role,discrete19_v1,8.47906e-05,26.67,0.4758,0.5756,2.40,73.33,30,True,C:\Users\USER\Documents\Project\GMN-Football-3-main\training\models\mappo_academy_3_vs_1_with_keeper_351232.pt,host=DESKTOP-JFT7577|user=USER|date=2026-09-06T14:14:54.842132|cmd=training/train_mappo.py --timesteps 500000 --scenario academy_3_vs_1_with_keeper --checkpoint-name mappo_academy_3_vs_1_with_keeper_seed137.pt --seed 137,41e705bdc4bb
dc8c8a7123942804,63b54972cc0f51143a2fc15a87c6aeae87750de2c6d5d93c73e1d799fe109835,academy_3_vs_1_with_keeper,MAPPO,351232,3.1.0,simple115_v3_role,discrete19_v1,8.47906e-05,10.00,0.3273,0.3980,79.40,90.00,30,True,C:\Users\USER\Documents\Project\GMN-Football-3-main\training\models\mappo_academy_3_vs_1_with_keeper_351232.pt,host=DESKTOP-JFT7577|user=USER|date=2026-09-06T14:15:15.217634|cmd=training/train_mappo.py --timesteps 500000 --scenario academy_3_vs_1_with_keeper --checkpoint-name mappo_academy_3_vs_1_with_keeper_seed44.pt --seed 44,41e705bdc4bb
80086caa8a5a9cce,325f7cfd16bf4df380a1f9f53dea33342758ae189ce207b609335b27f08d44cf,academy_3_vs_1_with_keeper,MAPPO,351232,3.1.0,simple115_v3_role,discrete19_v1,8.47906e-05,43.33,0.6640,0.6560,20.20,56.67,30,True,C:\Users\USER\Documents\Project\GMN-Football-3-main\training\models\mappo_academy_3_vs_1_with_keeper_351232.pt,host=DESKTOP-JFT7577|user=USER|date=2026-09-06T14:15:37.419624|cmd=training/train_mappo.py --timesteps 500000 --scenario academy_3_vs_1_with_keeper --checkpoint-name mappo_academy_3_vs_1_with_keeper_seed43.pt --seed 43,41e705bdc4bb
dfec8249a3a89bf9,2fabcf9cc5a1cc1f452c776ca51234e11858c609220f01e77dcca69433c7c6dc,academy_3_vs_1_with_keeper,MAPPO,401408,3.1.0,simple115_v3_role,discrete19_v1,5.50723e-05,26.67,0.4810,0.5832,22.53,73.33,30,True,C:\Users\USER\Documents\Project\GMN-Football-3-main\training\models\mappo_academy_3_vs_1_with_keeper_401408.pt,host=DESKTOP-JFT7577|user=USER|date=2026-09-06T14:22:07.245475|cmd=training/train_mappo.py --timesteps 500000 --scenario academy_3_vs_1_with_keeper --checkpoint-name mappo_academy_3_vs_1_with_keeper_seed42.pt --seed 42,41e705bdc4bb
196149ca8d203f4c,636c07e458280f575bbbd4c19cc2e47662fb700b686d0bb9962e69144514af09,academy_3_vs_1_with_keeper,MAPPO,401408,3.1.0,simple115_v3_role,discrete19_v1,5.50723e-05,50.00,0.7528,0.6613,3.97,50.00,30,True,C:\Users\USER\Documents\Project\GMN-Football-3-main\training\models\mappo_academy_3_vs_1_with_keeper_401408.pt,host=DESKTOP-JFT7577|user=USER|date=2026-09-06T14:22:17.041028|cmd=training/train_mappo.py --timesteps 500000 --scenario academy_3_vs_1_with_keeper --checkpoint-name mappo_academy_3_vs_1_with_keeper_seed137.pt --seed 137,41e705bdc4bb
36aba9c8c81eaf13,ff011a4073a6ce5482a61224bc3cd70d241d42b4808fd191b35096f0f611f384,academy_3_vs_1_with_keeper,MAPPO,401408,3.1.0,simple115_v3_role,discrete19_v1,5.50723e-05,30.00,0.5749,0.5735,3.60,70.00,30,True,C:\Users\USER\Documents\Project\GMN-Football-3-main\training\models\mappo_academy_3_vs_1_with_keeper_401408.pt,host=DESKTOP-JFT7577|user=USER|date=2026-09-06T14:22:32.908351|cmd=training/train_mappo.py --timesteps 500000 --scenario academy_3_vs_1_with_keeper --checkpoint-name mappo_academy_3_vs_1_with_keeper_seed44.pt --seed 44,41e705bdc4bb
946aca2baee339f6,ee0df1aead33b68271650629cdc97a6ffeda2416c7b4700111cf0e2568564c30,academy_3_vs_1_with_keeper,MAPPO,401408,3.1.0,simple115_v3_role,discrete19_v1,5.50723e-05,13.33,0.3543,0.4424,12.80,86.67,30,True,C:\Users\USER\Documents\Project\GMN-Football-3-main\training\models\mappo_academy_3_vs_1_with_keeper_401408.pt,host=DESKTOP-JFT7577|user=USER|date=2026-09-06T14:22:53.344414|cmd=training/train_mappo.py --timesteps 500000 --scenario academy_3_vs_1_with_keeper --checkpoint-name mappo_academy_3_vs_1_with_keeper_seed43.pt --seed 43,41e705bdc4bb
29ef4d4f4034fc22,92d35fb1219c552c5ed19fa8473de8156deaae67492b7fd3e0cd507879936609,academy_3_vs_1_with_keeper,MAPPO,451584,3.1.0,simple115_v3_role,discrete19_v1,3.61912e-05,23.33,0.4457,0.5570,15.60,76.67,30,True,C:\Users\USER\Documents\Project\GMN-Football-3-main\training\models\mappo_academy_3_vs_1_with_keeper_451584.pt,host=DESKTOP-JFT7577|user=USER|date=2026-09-06T14:28:40.399751|cmd=training/train_mappo.py --timesteps 500000 --scenario academy_3_vs_1_with_keeper --checkpoint-name mappo_academy_3_vs_1_with_keeper_seed42.pt --seed 42,41e705bdc4bb
8f1143646be589c0,0b1095fe2c9620f0554045bb34c0b8fbafc310a7177f3049be0548d4b7320513,academy_3_vs_1_with_keeper,MAPPO,451584,3.1.0,simple115_v3_role,discrete19_v1,3.61912e-05,50.00,0.7869,0.6233,13.83,50.00,30,True,C:\Users\USER\Documents\Project\GMN-Football-3-main\training\models\mappo_academy_3_vs_1_with_keeper_451584.pt,host=DESKTOP-JFT7577|user=USER|date=2026-09-06T14:28:59.456120|cmd=training/train_mappo.py --timesteps 500000 --scenario academy_3_vs_1_with_keeper --checkpoint-name mappo_academy_3_vs_1_with_keeper_seed137.pt --seed 137,41e705bdc4bb
d7689c0a833aeb1f,a92505aa1dd8251814a8f6cdf8b66b62222ea56758e5f26b6829c7259821db89,academy_3_vs_1_with_keeper,MAPPO,451584,3.1.0,simple115_v3_role,discrete19_v1,3.61912e-05,26.67,0.4746,0.5804,81.23,73.33,30,True,C:\Users\USER\Documents\Project\GMN-Football-3-main\training\models\mappo_academy_3_vs_1_with_keeper_451584.pt,host=DESKTOP-JFT7577|user=USER|date=2026-09-06T14:29:34.297510|cmd=training/train_mappo.py --timesteps 500000 --scenario academy_3_vs_1_with_keeper --checkpoint-name mappo_academy_3_vs_1_with_keeper_seed44.pt --seed 44,41e705bdc4bb
091f6b1d33ce4189,ec956987d292499854c789677e63fed9ec6d4748ff93e2890c14fc76ba92a396,academy_3_vs_1_with_keeper,MAPPO,451584,3.1.0,simple115_v3_role,discrete19_v1,3.61912e-05,40.00,0.5956,0.6645,14.77,60.00,30,True,C:\Users\USER\Documents\Project\GMN-Football-3-main\training\models\mappo_academy_3_vs_1_with_keeper_451584.pt,host=DESKTOP-JFT7577|user=USER|date=2026-09-06T14:30:04.498200|cmd=training/train_mappo.py --timesteps 500000 --scenario academy_3_vs_1_with_keeper --checkpoint-name mappo_academy_3_vs_1_with_keeper_seed43.pt --seed 43,41e705bdc4bb
f02c9b4136f43d48,00e5db25123ee23231f5522f334a2da040823d21d18626aa0a39279b4e796a1b,academy_3_vs_1_with_keeper,MAPPO,499968,3.1.0,simple115_v3_role,discrete19_v1,3e-05,40.00,0.6107,0.6609,9.68,60.00,50,True,C:\Users\USER\Documents\Project\GMN-Football-3-main\training\models\mappo_academy_3_vs_1_with_keeper_seed42.pt,host=DESKTOP-JFT7577|user=USER|date=2026-09-06T14:36:10.782063|cmd=training/train_mappo.py --timesteps 500000 --scenario academy_3_vs_1_with_keeper --checkpoint-name mappo_academy_3_vs_1_with_keeper_seed42.pt --seed 42,41e705bdc4bb
3c02afdcfbcf6a6e,2a0592e53a39785505c467077e7946c9a1904b178a40f1e0a198cbabef28922c,academy_3_vs_1_with_keeper,MAPPO,499968,3.1.0,simple115_v3_role,discrete19_v1,3e-05,50.00,0.7475,0.6554,21.34,50.00,50,True,C:\Users\USER\Documents\Project\GMN-Football-3-main\training\models\mappo_academy_3_vs_1_with_keeper_seed137.pt,host=DESKTOP-JFT7577|user=USER|date=2026-09-06T14:36:20.316067|cmd=training/train_mappo.py --timesteps 500000 --scenario academy_3_vs_1_with_keeper --checkpoint-name mappo_academy_3_vs_1_with_keeper_seed137.pt --seed 137,41e705bdc4bb
2a9a87b2caa60a85,0be46455c7cddafd8ca06d1d8da252c744ba3a0d5f01beb492c2c068db6052fc,academy_3_vs_1_with_keeper,MAPPO,499968,3.1.0,simple115_v3_role,discrete19_v1,3e-05,26.00,0.4879,0.5706,6.92,74.00,50,True,C:\Users\USER\Documents\Project\GMN-Football-3-main\training\models\mappo_academy_3_vs_1_with_keeper_seed44.pt,host=DESKTOP-JFT7577|user=USER|date=2026-09-06T14:36:32.181807|cmd=training/train_mappo.py --timesteps 500000 --scenario academy_3_vs_1_with_keeper --checkpoint-name mappo_academy_3_vs_1_with_keeper_seed44.pt --seed 44,41e705bdc4bb
453eb40e41c4f283,42c4f18b1d782da73bb974abcefb1df5ec78d900fbbbccf9b74dfd883cd7bfb1,academy_3_vs_1_with_keeper,MAPPO,499968,3.1.0,simple115_v3_role,discrete19_v1,3e-05,40.00,0.6226,0.6470,19.00,60.00,50,True,C:\Users\USER\Documents\Project\GMN-Football-3-main\training\models\mappo_academy_3_vs_1_with_keeper_seed43.pt,host=DESKTOP-JFT7577|user=USER|date=2026-09-06T14:36:49.690695|cmd=training/train_mappo.py --timesteps 500000 --scenario academy_3_vs_1_with_keeper --checkpoint-name mappo_academy_3_vs_1_with_keeper_seed43.pt --seed 43,41e705bdc4bb
34537f58a7d18648,7fb6f586256f5dfe71c4d50b923e4d6073252ea3d237b1a704b69a9ccc870222,academy_3_vs_1_with_keeper,MAPPO,50176,3.1.0,simple115_v3_role,discrete19_v1,0.000293346,10.00,0.2089,0.4168,3.40,90.00,30,True,C:\Users\USER\Documents\Project\GMN-Football-3-main\training\models\mappo_academy_3_vs_1_with_keeper_seed43_50176.pt,host=DESKTOP-JFT7577|user=USER|date=2026-09-06T21:56:12.882545|cmd=training/train_mappo.py --timesteps 500000 --scenario academy_3_vs_1_with_keeper --checkpoint-name mappo_academy_3_vs_1_with_keeper_seed43.pt --seed 43,41e705bdc4bb
084e06b2f70191f4,c18dc22c98e253ff77ea1fd91d91932f1ab2549ba4770b21a1a2bf8bf9c5ddf5,academy_3_vs_1_with_keeper,MAPPO,50176,3.1.0,simple115_v3_role,discrete19_v1,0.000293346,6.67,0.1187,0.3465,34.90,93.33,30,True,C:\Users\USER\Documents\Project\GMN-Football-3-main\training\models\mappo_academy_3_vs_1_with_keeper_seed137_50176.pt,host=DESKTOP-JFT7577|user=USER|date=2026-09-06T21:56:13.870445|cmd=training/train_mappo.py --timesteps 500000 --scenario academy_3_vs_1_with_keeper --checkpoint-name mappo_academy_3_vs_1_with_keeper_seed137.pt --seed 137,41e705bdc4bb
73aa46b536d80183,65741dc300a1ac7047956a3feb577343d18eb6c6e29e22327e2b068b4ffc894d,academy_3_vs_1_with_keeper,MAPPO,50176,3.1.0,simple115_v3_role,discrete19_v1,0.000293346,0.00,0.1212,0.1382,0.00,100.00,30,True,C:\Users\USER\Documents\Project\GMN-Football-3-main\training\models\mappo_academy_3_vs_1_with_keeper_seed44_50176.pt,host=DESKTOP-JFT7577|user=USER|date=2026-09-06T21:56:13.975993|cmd=training/train_mappo.py --timesteps 500000 --scenario academy_3_vs_1_with_keeper --checkpoint-name mappo_academy_3_vs_1_with_keeper_seed44.pt --seed 44,41e705bdc4bb
7da7fe5da26973ac,c4cdec5be1eca309d3d1dabaf3ec336e83148550fb70cc8a4d87f077c20a8f6e,academy_3_vs_1_with_keeper,MAPPO,50176,3.1.0,simple115_v3_role,discrete19_v1,0.000293346,6.67,0.1705,0.3404,26.50,93.33,30,True,C:\Users\USER\Documents\Project\GMN-Football-3-main\training\models\mappo_academy_3_vs_1_with_keeper_seed42_50176.pt,host=DESKTOP-JFT7577|user=USER|date=2026-09-06T21:56:14.863583|cmd=training/train_mappo.py --timesteps 500000 --scenario academy_3_vs_1_with_keeper --checkpoint-name mappo_academy_3_vs_1_with_keeper_seed42.pt --seed 42,41e705bdc4bb
